ParentDetailID,ParentID,Mother's qualification,Father's qualification,Mother's occupation,Father's occupation
1,1,19,12,5,9
2,2,1,3,3,3
3,3,37,37,9,9
4,4,38,37,5,3
5,5,37,38,9,9
6,6,37,37,9,7
7,7,19,38,7,10
8,8,37,37,9,9
9,9,1,1,9,9
10,10,1,19,4,7
11,11,38,19,5,7
12,12,19,38,9,9
13,13,19,37,4,9
14,14,1,1,4,7
15,15,38,37,5,5
16,16,19,37,9,3
17,17,19,38,5,8
18,18,19,1,5,4
19,19,3,19,3,5
20,20,19,19,7,7
21,21,1,1,9,8
22,22,1,38,4,7
23,23,19,19,1,1
24,24,1,38,4,7
25,25,19,19,3,7
26,26,19,38,9,9
27,27,19,38,7,8
28,28,19,19,3,3
29,29,19,1,9,9
30,30,3,3,1,10
31,31,4,5,4,2
32,32,42,3,125,124
33,33,1,1,4,6
34,34,19,1,9,5
35,35,2,37,3,9
36,36,38,37,9,6
37,37,34,37,0,0
38,38,37,37,6,6
39,39,19,19,9,3
40,40,4,4,3,6
41,41,3,3,2,2
42,42,3,19,2,7
43,43,1,3,2,2
44,44,1,38,5,5
45,45,37,37,9,9
46,46,38,38,4,5
47,47,19,19,9,9
48,48,37,19,7,7
49,49,1,19,9,9
50,50,37,38,9,9
51,51,19,38,9,7
52,52,37,38,6,6
53,53,1,19,7,7
54,54,37,37,90,90
55,55,38,38,9,9
56,56,1,19,5,5
57,57,1,3,4,3
58,58,3,3,2,2
59,59,38,38,7,10
60,60,38,37,4,9
61,61,19,19,9,9
62,62,19,1,9,9
63,63,1,37,4,7
64,64,1,1,3,4
65,65,1,1,3,3
66,66,1,1,5,5
67,67,19,19,5,3
68,68,19,37,9,9
69,69,1,38,7,7
70,70,19,37,7,10
71,71,38,37,5,5
72,72,37,19,8,4
73,73,19,19,5,10
74,74,38,37,5,7
75,75,38,38,9,9
76,76,19,19,4,7
77,77,19,37,7,7
78,78,1,19,9,8
79,79,38,37,9,9
80,80,37,37,9,6
81,81,19,19,9,9
82,82,3,3,2,2
83,83,3,3,4,2
84,84,19,19,4,4
85,85,37,37,9,6
86,86,37,38,9,7
87,87,1,19,4,5
88,88,19,38,4,0
89,89,38,37,9,9
90,90,38,19,9,6
91,91,1,1,4,10
92,92,19,1,9,9
93,93,1,1,4,4
94,94,37,34,0,0
95,95,37,19,9,9
96,96,38,3,9,2
97,97,37,1,5,5
98,98,37,37,7,7
99,99,1,2,9,1
100,100,3,3,2,2
101,101,38,38,9,9
102,102,1,1,9,10
103,103,37,37,6,5
104,104,37,37,9,6
105,105,19,19,9,7
106,106,3,1,2,8
107,107,37,38,4,7
108,108,1,1,4,4
109,109,3,4,4,3
110,110,19,1,9,3
111,111,37,37,6,7
112,112,1,38,4,7
113,113,19,19,9,9
114,114,1,38,4,7
115,115,37,37,9,9
116,116,38,38,9,5
117,117,19,37,9,7
118,118,19,19,3,3
119,119,37,38,9,7
120,120,2,19,4,5
121,121,1,1,4,5
122,122,19,19,9,7
123,123,3,19,2,9
124,124,38,38,9,9
125,125,19,38,4,7
126,126,1,1,4,5
127,127,37,37,9,9
128,128,19,38,9,3
129,129,1,39,5,3
130,130,1,37,8,9
131,131,19,19,5,8
132,132,37,37,9,9
133,133,1,19,4,8
134,134,1,19,3,3
135,135,38,37,9,7
136,136,1,38,3,9
137,137,19,19,5,5
138,138,1,1,141,175
139,139,19,1,4,7
140,140,19,1,4,8
141,141,37,37,9,9
142,142,19,1,4,4
143,143,3,1,3,3
144,144,1,12,9,10
145,145,19,19,9,7
146,146,37,38,5,6
147,147,12,19,9,9
148,148,1,37,9,10
149,149,3,19,2,10
150,150,1,19,9,9
151,151,3,37,2,8
152,152,1,38,4,7
153,153,38,38,7,6
154,154,37,37,9,9
155,155,3,37,2,5
156,156,38,37,6,6
157,157,38,38,9,9
158,158,1,37,7,9
159,159,19,1,9,10
160,160,1,19,6,8
161,161,19,1,4,1
162,162,19,37,9,7
163,163,19,19,9,9
164,164,12,12,4,4
165,165,1,19,5,4
166,166,19,37,7,7
167,167,1,37,6,6
168,168,19,19,7,8
169,169,2,2,1,1
170,170,19,19,4,8
171,171,37,19,9,7
172,172,37,37,3,10
173,173,2,38,4,5
174,174,19,2,4,6
175,175,37,37,9,8
176,176,37,37,9,9
177,177,37,19,9,5
178,178,34,34,90,90
179,179,37,19,9,5
180,180,1,1,9,5
181,181,3,1,3,3
182,182,37,19,9,8
183,183,19,19,3,4
184,184,1,37,5,5
185,185,1,19,4,6
186,186,3,3,5,7
187,187,1,37,5,9
188,188,38,1,9,4
189,189,1,19,9,9
190,190,1,3,4,1
191,191,19,38,9,8
192,192,1,37,7,3
193,193,12,3,4,3
194,194,1,1,4,10
195,195,38,38,9,8
196,196,19,1,3,4
197,197,37,37,5,5
198,198,3,2,2,2
199,199,19,19,3,8
200,200,1,3,175,121
201,201,1,1,4,7
202,202,19,19,4,0
203,203,19,19,7,7
204,204,38,38,5,10
205,205,19,37,9,8
206,206,34,34,0,0
207,207,19,38,9,9
208,208,3,19,1,4
209,209,19,1,8,7
210,210,3,19,2,3
211,211,38,1,7,4
212,212,37,37,9,9
213,213,1,3,9,2
214,214,37,37,9,9
215,215,1,1,4,5
216,216,1,1,4,5
217,217,19,3,5,5
218,218,19,37,8,7
219,219,1,19,5,4
220,220,19,37,1,3
221,221,38,38,7,7
222,222,37,37,5,7
223,223,1,1,3,3
224,224,19,1,5,9
225,225,1,38,4,5
226,226,40,5,3,3
227,227,1,4,3,10
228,228,1,1,9,9
229,229,34,34,0,0
230,230,1,1,5,8
231,231,1,37,4,5
232,232,19,19,4,6
233,233,1,3,4,3
234,234,1,37,9,9
235,235,37,1,9,10
236,236,38,37,9,9
237,237,19,19,5,7
238,238,37,37,3,9
239,239,19,1,9,9
240,240,19,19,9,7
241,241,3,1,4,4
242,242,3,3,3,3
243,243,37,19,5,5
244,244,37,1,9,1
245,245,38,19,9,10
246,246,19,38,5,3
247,247,19,37,7,6
248,248,37,37,9,10
249,249,19,37,4,7
250,250,19,1,9,8
251,251,19,38,9,9
252,252,38,37,7,7
253,253,9,19,90,6
254,254,37,37,9,8
255,255,1,1,4,4
256,256,38,37,7,7
257,257,37,37,6,6
258,258,37,37,9,9
259,259,1,1,9,8
260,260,1,1,3,1
261,261,37,38,9,7
262,262,37,37,99,99
263,263,37,38,9,9
264,264,1,1,4,4
265,265,38,19,9,5
266,266,3,1,1,3
267,267,4,1,2,3
268,268,38,38,9,9
269,269,37,37,9,9
270,270,1,1,9,9
271,271,37,38,4,8
272,272,1,19,9,9
273,273,12,19,4,8
274,274,5,1,2,5
275,275,1,38,4,5
276,276,12,1,4,10
277,277,37,38,3,3
278,278,5,4,2,0
279,279,19,19,5,6
280,280,19,19,5,5
281,281,38,37,9,9
282,282,39,19,4,10
283,283,37,37,8,4
284,284,19,37,7,5
285,285,38,38,0,0
286,286,1,1,4,4
287,287,4,37,2,9
288,288,34,1,90,2
289,289,3,1,3,4
290,290,3,3,1,1
291,291,19,19,4,10
292,292,19,37,6,6
293,293,37,37,9,4
294,294,19,19,191,144
295,295,38,37,3,6
296,296,3,38,2,4
297,297,19,38,9,8
298,298,1,1,3,3
299,299,1,1,4,10
300,300,19,38,5,7
301,301,38,38,9,7
302,302,38,37,9,9
303,303,19,19,4,9
304,304,19,19,5,5
305,305,1,11,4,3
306,306,1,19,4,10
307,307,1,19,5,5
308,308,3,1,90,90
309,309,11,11,90,90
310,310,37,37,7,8
311,311,3,19,2,1
312,312,34,34,0,0
313,313,19,19,4,8
314,314,38,38,5,7
315,315,1,1,4,4
316,316,1,38,4,3
317,317,19,19,3,6
318,318,41,19,3,5
319,319,19,38,5,9
320,320,38,38,7,7
321,321,19,19,9,5
322,322,37,37,7,9
323,323,1,1,5,1
324,324,37,37,9,9
325,325,1,19,7,5
326,326,19,19,5,8
327,327,1,37,9,9
328,328,1,1,9,6
329,329,2,19,4,4
330,330,19,38,9,5
331,331,1,38,9,6
332,332,19,37,4,7
333,333,38,38,7,7
334,334,37,38,9,10
335,335,34,37,4,9
336,336,38,37,7,7
337,337,41,3,2,1
338,338,38,38,7,7
339,339,3,1,9,10
340,340,2,9,3,5
341,341,1,2,3,1
342,342,3,3,2,2
343,343,37,37,9,9
344,344,3,3,1,2
345,345,37,38,9,1
346,346,19,19,7,5
347,347,37,37,9,9
348,348,37,37,6,6
349,349,37,37,9,9
350,350,3,1,3,9
351,351,19,19,9,9
352,352,19,19,9,8
353,353,1,1,9,5
354,354,37,38,9,7
355,355,19,19,4,6
356,356,19,1,4,5
357,357,38,37,9,9
358,358,37,37,90,8
359,359,37,37,3,8
360,360,3,39,2,3
361,361,19,38,4,1
362,362,37,38,9,7
363,363,19,38,9,10
364,364,19,37,9,8
365,365,1,1,9,1
366,366,37,38,7,5
367,367,19,38,4,8
368,368,19,37,2,7
369,369,38,37,191,195
370,370,19,19,9,5
371,371,37,39,9,4
372,372,38,19,9,7
373,373,1,19,4,7
374,374,1,37,141,192
375,375,38,38,4,7
376,376,37,37,9,9
377,377,37,37,9,9
378,378,1,1,4,4
379,379,3,3,3,3
380,380,37,38,5,6
381,381,38,19,5,7
382,382,19,37,8,8
383,383,38,38,5,7
384,384,19,19,5,5
385,385,3,4,2,1
386,386,34,34,0,0
387,387,37,37,9,9
388,388,37,37,9,9
389,389,1,19,4,5
390,390,37,37,7,7
391,391,4,38,4,5
392,392,1,19,5,3
393,393,30,37,7,7
394,394,1,1,9,10
395,395,1,19,4,3
396,396,1,1,4,9
397,397,3,19,3,10
398,398,38,37,4,6
399,399,37,19,5,8
400,400,38,37,6,4
401,401,1,3,3,3
402,402,37,37,7,7
403,403,38,37,9,9
404,404,19,38,9,9
405,405,37,37,5,5
406,406,1,19,3,9
407,407,1,19,3,9
408,408,1,19,9,9
409,409,1,19,4,4
410,410,34,34,0,0
411,411,19,19,7,7
412,412,19,1,4,8
413,413,1,1,4,10
414,414,37,37,6,6
415,415,1,38,9,7
416,416,37,37,90,90
417,417,1,1,9,9
418,418,19,19,9,9
419,419,37,37,9,9
420,420,1,19,4,5
421,421,2,1,2,8
422,422,1,2,4,3
423,423,1,2,4,6
424,424,3,1,3,3
425,425,19,2,5,3
426,426,37,37,9,3
427,427,38,38,3,7
428,428,38,2,9,2
429,429,19,1,4,4
430,430,19,38,4,10
431,431,37,38,9,9
432,432,37,37,7,8
433,433,38,38,6,8
434,434,1,1,90,3
435,435,1,19,4,8
436,436,19,19,5,5
437,437,19,19,5,5
438,438,19,37,4,5
439,439,9,1,2,4
440,440,37,37,9,9
441,441,3,4,3,2
442,442,19,38,4,5
443,443,19,38,9,3
444,444,19,19,7,8
445,445,19,19,1,1
446,446,37,19,9,3
447,447,3,1,2,1
448,448,1,19,7,7
449,449,1,19,9,7
450,450,19,38,3,10
451,451,38,37,5,5
452,452,37,37,9,8
453,453,19,19,7,5
454,454,19,37,4,7
455,455,19,38,9,7
456,456,34,34,99,99
457,457,38,37,5,6
458,458,37,19,9,8
459,459,1,19,4,9
460,460,37,37,5,7
461,461,3,3,3,2
462,462,19,19,5,7
463,463,3,1,2,3
464,464,3,1,3,5
465,465,1,1,4,9
466,466,3,3,2,3
467,467,1,38,5,10
468,468,34,34,0,0
469,469,19,38,4,8
470,470,37,37,4,9
471,471,1,37,9,9
472,472,19,38,9,7
473,473,38,19,7,10
474,474,19,19,9,9
475,475,34,34,0,0
476,476,1,19,3,5
477,477,19,19,9,9
478,478,34,34,0,0
479,479,3,1,3,3
480,480,38,19,191,175
481,481,1,1,4,4
482,482,1,19,1,1
483,483,3,1,2,5
484,484,38,38,9,7
485,485,1,19,9,5
486,486,1,37,7,9
487,487,38,19,4,3
488,488,1,19,5,4
489,489,37,37,9,7
490,490,38,38,5,5
491,491,19,1,3,8
492,492,37,37,5,5
493,493,1,3,3,2
494,494,37,37,9,4
495,495,3,1,2,5
496,496,19,37,90,5
497,497,37,38,9,9
498,498,1,19,4,3
499,499,19,38,9,7
500,500,38,38,7,7
501,501,37,38,9,9
502,502,38,38,9,9
503,503,1,1,4,4
504,504,3,3,1,1
505,505,37,1,7,7
506,506,37,38,151,161
507,507,3,1,2,4
508,508,19,1,9,3
509,509,5,5,2,2
510,510,1,19,4,6
511,511,4,1,2,3
512,512,34,34,99,99
513,513,34,34,0,0
514,514,37,19,9,2
515,515,37,37,9,10
516,516,37,37,9,10
517,517,37,19,9,4
518,518,1,1,9,4
519,519,34,34,0,0
520,520,37,37,9,9
521,521,37,1,5,5
522,522,3,19,2,9
523,523,3,37,2,8
524,524,1,1,9,9
525,525,5,3,1,1
526,526,1,1,9,3
527,527,19,19,5,3
528,528,3,1,2,10
529,529,37,37,9,9
530,530,3,3,2,2
531,531,37,37,4,7
532,532,19,37,9,8
533,533,4,2,2,3
534,534,1,19,4,7
535,535,4,4,2,2
536,536,3,3,4,4
537,537,3,3,4,4
538,538,3,19,4,4
539,539,19,38,3,9
540,540,19,1,9,9
541,541,19,19,5,5
542,542,19,19,5,7
543,543,1,19,4,10
544,544,1,1,5,3
545,545,19,1,9,10
546,546,19,1,5,10
547,547,1,1,5,10
548,548,38,19,5,6
549,549,37,37,9,9
550,550,19,38,9,7
551,551,12,19,4,5
552,552,19,1,7,9
553,553,12,12,1,10
554,554,1,2,3,2
555,555,1,1,4,4
556,556,3,2,2,2
557,557,19,1,7,4
558,558,37,37,9,9
559,559,39,39,194,193
560,560,1,3,9,10
561,561,3,38,141,151
562,562,1,1,3,3
563,563,1,1,4,10
564,564,19,38,9,9
565,565,1,1,9,9
566,566,19,19,3,9
567,567,4,1,2,4
568,568,34,36,0,5
569,569,38,19,8,8
570,570,3,4,2,2
571,571,1,1,9,9
572,572,38,37,9,9
573,573,19,3,5,10
574,574,3,19,4,5
575,575,19,12,9,10
576,576,1,1,4,4
577,577,3,1,9,9
578,578,19,37,9,8
579,579,37,37,5,5
580,580,37,37,9,8
581,581,34,5,0,1
582,582,12,1,5,5
583,583,1,19,8,7
584,584,37,38,9,8
585,585,37,37,7,7
586,586,1,19,3,3
587,587,38,19,90,90
588,588,38,38,9,8
589,589,37,37,9,3
590,590,37,1,5,4
591,591,19,1,9,3
592,592,3,19,2,8
593,593,37,1,9,4
594,594,1,19,4,8
595,595,37,37,4,6
596,596,37,37,9,9
597,597,38,12,7,0
598,598,37,1,9,10
599,599,19,37,7,4
600,600,38,37,9,9
601,601,19,38,9,9
602,602,19,38,5,7
603,603,1,1,9,4
604,604,1,1,4,4
605,605,1,37,3,8
606,606,9,1,6,6
607,607,19,3,3,2
608,608,38,19,7,7
609,609,19,38,194,193
610,610,38,37,6,5
611,611,37,37,191,182
612,612,1,37,4,7
613,613,1,1,1,1
614,614,1,19,5,7
615,615,19,37,9,9
616,616,1,37,9,9
617,617,37,37,7,8
618,618,37,37,9,8
619,619,19,37,4,7
620,620,3,1,2,3
621,621,3,19,4,5
622,622,1,38,4,3
623,623,38,38,9,7
624,624,38,37,7,5
625,625,38,37,9,9
626,626,19,19,9,8
627,627,37,38,6,6
628,628,19,37,9,7
629,629,1,38,5,6
630,630,19,37,9,9
631,631,19,37,9,9
632,632,1,38,4,9
633,633,1,19,5,7
634,634,38,38,191,193
635,635,37,37,9,7
636,636,37,37,7,5
637,637,37,37,9,9
638,638,38,1,9,4
639,639,1,1,4,5
640,640,1,1,3,3
641,641,37,37,9,0
642,642,37,37,9,9
643,643,37,38,4,9
644,644,37,38,7,7
645,645,38,38,7,7
646,646,19,37,9,9
647,647,37,1,3,5
648,648,19,19,9,7
649,649,1,19,4,3
650,650,1,38,5,1
651,651,19,1,5,0
652,652,1,1,5,5
653,653,1,5,4,3
654,654,38,38,6,9
655,655,19,38,3,5
656,656,19,38,9,6
657,657,37,19,5,10
658,658,1,38,5,7
659,659,1,19,5,10
660,660,19,19,9,9
661,661,1,3,4,2
662,662,19,19,194,193
663,663,1,19,4,1
664,664,37,37,0,0
665,665,3,3,9,7
666,666,3,3,6,6
667,667,37,38,5,5
668,668,38,38,5,7
669,669,1,19,4,8
670,670,19,37,5,7
671,671,37,1,9,9
672,672,37,38,90,7
673,673,1,19,9,7
674,674,19,19,3,3
675,675,38,38,5,8
676,676,37,37,9,9
677,677,1,19,5,7
678,678,37,19,7,7
679,679,37,37,0,0
680,680,3,3,2,5
681,681,19,38,9,9
682,682,1,1,4,6
683,683,1,1,4,5
684,684,37,37,9,10
685,685,37,37,9,9
686,686,37,37,9,9
687,687,37,37,1,9
688,688,38,19,9,8
689,689,37,1,9,2
690,690,37,37,9,7
691,691,37,38,9,4
692,692,37,37,9,7
693,693,19,19,9,3
694,694,38,37,9,8
695,695,2,1,2,9
696,696,3,1,5,5
697,697,37,37,0,0
698,698,3,1,2,1
699,699,1,38,9,1
700,700,37,38,5,7
701,701,2,2,6,6
702,702,37,19,9,3
703,703,5,5,2,2
704,704,37,37,9,9
705,705,37,37,9,9
706,706,37,37,9,9
707,707,19,1,4,8
708,708,37,37,9,6
709,709,1,19,9,9
710,710,37,11,9,7
711,711,38,38,90,90
712,712,37,37,9,8
713,713,37,37,90,90
714,714,3,3,2,2
715,715,37,37,6,6
716,716,19,37,4,10
717,717,34,36,0,90
718,718,2,1,3,9
719,719,37,37,9,9
720,720,38,1,8,10
721,721,38,38,4,4
722,722,19,1,3,7
723,723,19,38,9,5
724,724,37,37,90,5
725,725,37,26,90,10
726,726,37,38,9,7
727,727,12,5,3,3
728,728,37,37,9,9
729,729,19,1,4,7
730,730,3,2,2,2
731,731,19,37,9,9
732,732,2,1,4,6
733,733,1,19,6,6
734,734,19,37,4,7
735,735,37,37,6,7
736,736,3,3,4,10
737,737,3,37,3,7
738,738,37,37,5,7
739,739,1,3,3,7
740,740,1,19,8,8
741,741,19,19,9,7
742,742,3,3,2,2
743,743,3,3,3,3
744,744,1,19,4,8
745,745,1,1,9,9
746,746,1,1,4,5
747,747,1,19,4,4
748,748,38,38,9,6
749,749,1,1,90,3
750,750,1,1,5,3
751,751,38,37,5,5
752,752,37,37,9,9
753,753,37,37,3,3
754,754,19,37,7,9
755,755,37,37,9,9
756,756,1,19,4,5
757,757,1,1,9,5
758,758,37,2,9,4
759,759,1,1,3,3
760,760,37,37,9,9
761,761,3,3,2,2
762,762,3,19,1,10
763,763,37,37,9,9
764,764,1,3,192,3
765,765,1,1,5,5
766,766,38,38,5,10
767,767,1,1,4,4
768,768,1,37,4,1
769,769,37,37,9,7
770,770,19,19,5,5
771,771,1,1,9,9
772,772,1,19,5,5
773,773,1,19,4,9
774,774,38,1,4,10
775,775,3,1,2,8
776,776,1,1,4,7
777,777,2,1,4,4
778,778,3,2,4,2
779,779,3,3,132,132
780,780,1,19,5,5
781,781,38,38,7,7
782,782,1,1,5,4
783,783,19,37,3,8
784,784,3,3,1,3
785,785,1,34,9,9
786,786,1,1,1,1
787,787,3,3,1,2
788,788,3,1,4,5
789,789,37,37,0,90
790,790,19,1,5,4
791,791,1,19,9,9
792,792,3,3,2,2
793,793,1,40,9,2
794,794,3,1,2,5
795,795,19,19,3,3
796,796,38,38,5,8
797,797,1,1,9,8
798,798,1,1,4,8
799,799,1,37,9,9
800,800,3,1,3,7
801,801,40,19,3,5
802,802,19,1,9,8
803,803,19,19,5,5
804,804,38,38,9,9
805,805,1,3,5,3
806,806,19,1,9,3
807,807,1,38,3,5
808,808,3,3,2,10
809,809,1,3,4,7
810,810,3,1,9,3
811,811,1,1,9,4
812,812,19,38,5,7
813,813,19,38,9,9
814,814,3,4,3,3
815,815,19,3,4,4
816,816,1,1,4,4
817,817,1,37,4,5
818,818,1,1,4,4
819,819,19,37,3,5
820,820,34,37,9,90
821,821,19,19,9,9
822,822,12,19,9,3
823,823,1,19,4,7
824,824,19,19,9,9
825,825,1,1,9,9
826,826,1,3,4,3
827,827,1,1,5,7
828,828,1,3,9,7
829,829,19,19,4,5
830,830,3,19,3,5
831,831,39,3,3,3
832,832,34,34,0,0
833,833,1,3,9,2
834,834,37,37,9,6
835,835,37,37,90,5
836,836,3,1,3,4
837,837,3,3,3,4
838,838,1,37,152,193
839,839,3,1,2,8
840,840,38,1,3,10
841,841,3,3,9,9
842,842,3,1,3,4
843,843,3,34,3,0
844,844,37,38,9,5
845,845,38,34,9,9
846,846,37,37,9,8
847,847,1,1,194,131
848,848,19,19,9,9
849,849,1,1,2,5
850,850,1,19,4,4
851,851,3,3,1,1
852,852,19,19,4,5
853,853,19,19,9,9
854,854,1,19,9,9
855,855,19,19,5,5
856,856,1,39,4,1
857,857,1,19,4,3
858,858,37,1,9,10
859,859,19,37,4,6
860,860,34,38,0,3
861,861,1,2,5,4
862,862,19,38,9,9
863,863,1,19,5,8
864,864,38,19,9,8
865,865,1,1,5,4
866,866,1,1,4,10
867,867,1,38,90,90
868,868,37,38,3,7
869,869,19,19,4,5
870,870,19,1,9,7
871,871,1,1,191,193
872,872,34,34,0,0
873,873,19,19,5,5
874,874,1,1,1,1
875,875,1,19,194,194
876,876,38,38,9,9
877,877,38,19,9,9
878,878,19,19,4,5
879,879,19,19,7,10
880,880,19,1,9,3
881,881,38,38,9,8
882,882,3,2,2,5
883,883,19,37,9,6
884,884,37,37,4,7
885,885,2,38,4,9
886,886,34,34,0,0
887,887,38,14,0,0
888,888,37,37,9,7
889,889,19,19,4,7
890,890,38,38,9,5
891,891,1,19,9,9
892,892,37,38,175,193
893,893,37,37,9,9
894,894,37,12,9,4
895,895,1,1,4,7
896,896,1,37,4,9
897,897,37,37,5,5
898,898,19,37,5,9
899,899,38,19,9,5
900,900,19,19,7,7
901,901,19,19,9,7
902,902,38,38,5,5
903,903,37,38,7,7
904,904,37,1,9,4
905,905,19,19,9,9
906,906,1,1,5,5
907,907,1,1,7,7
908,908,19,38,7,6
909,909,19,1,5,5
910,910,38,19,7,10
911,911,37,37,9,5
912,912,19,1,5,4
913,913,37,37,9,9
914,914,37,37,9,7
915,915,37,37,9,6
916,916,19,19,4,5
917,917,34,34,90,90
918,918,37,37,8,10
919,919,37,38,9,4
920,920,37,1,9,7
921,921,37,37,9,3
922,922,37,37,9,9
923,923,1,3,4,2
924,924,37,37,9,6
925,925,37,37,9,9
926,926,37,37,9,7
927,927,19,20,4,90
928,928,37,37,6,8
929,929,37,19,191,163
930,930,19,37,0,0
931,931,37,38,7,7
932,932,19,38,9,9
933,933,37,37,7,7
934,934,37,37,9,9
935,935,3,1,2,5
936,936,1,1,3,3
937,937,38,38,9,9
938,938,37,37,6,6
939,939,19,38,4,10
940,940,37,37,90,7
941,941,19,19,5,5
942,942,37,19,9,4
943,943,37,37,9,9
944,944,1,19,9,10
945,945,37,37,9,7
946,946,37,37,7,7
947,947,3,19,3,3
948,948,3,5,0,2
949,949,34,34,0,0
950,950,37,3,9,2
951,951,37,37,9,9
952,952,37,37,9,9
953,953,1,19,4,8
954,954,19,1,1,10
955,955,3,1,2,9
956,956,1,1,4,90
957,957,19,37,9,9
958,958,38,1,9,4
959,959,1,19,5,5
960,960,14,11,0,0
961,961,34,34,0,0
962,962,37,37,9,9
963,963,3,1,2,4
964,964,38,38,5,5
965,965,1,3,3,7
966,966,4,1,2,8
967,967,19,37,9,5
968,968,37,19,9,10
969,969,34,34,0,0
970,970,1,38,3,5
971,971,34,34,0,0
972,972,37,38,7,3
973,973,37,37,7,7
974,974,37,37,7,7
975,975,37,19,9,3
976,976,1,19,9,3
977,977,38,38,9,8
978,978,19,19,192,144
979,979,19,37,7,5
980,980,1,38,9,6
981,981,35,35,6,6
982,982,19,19,4,4
983,983,1,38,4,5
984,984,38,38,9,3
985,985,1,1,2,10
986,986,19,19,3,3
987,987,1,1,4,6
988,988,1,1,5,0
989,989,2,2,3,4
990,990,19,38,9,1
991,991,1,3,9,2
992,992,3,3,2,2
993,993,1,3,3,3
994,994,3,19,4,9
995,995,37,37,191,192
996,996,37,37,9,8
997,997,3,1,134,135
998,998,19,1,6,4
999,999,1,19,3,3
1000,1000,34,34,0,0
1001,1001,38,1,5,5
1002,1002,19,38,9,9
1003,1003,3,4,2,5
1004,1004,19,19,7,7
1005,1005,1,3,3,4
1006,1006,3,19,5,5
1007,1007,37,37,9,6
1008,1008,37,37,9,10
1009,1009,19,37,5,5
1010,1010,1,38,3,3
1011,1011,19,19,9,10
1012,1012,19,1,4,3
1013,1013,1,38,4,5
1014,1014,19,1,4,5
1015,1015,37,38,191,143
1016,1016,19,19,9,8
1017,1017,37,1,9,9
1018,1018,3,1,3,5
1019,1019,19,37,9,99
1020,1020,1,1,4,9
1021,1021,1,38,4,7
1022,1022,19,1,4,9
1023,1023,41,3,2,2
1024,1024,38,38,9,9
1025,1025,38,38,191,171
1026,1026,1,19,4,90
1027,1027,30,19,4,90
1028,1028,19,37,9,9
1029,1029,19,19,9,4
1030,1030,1,1,9,9
1031,1031,1,19,4,3
1032,1032,19,37,5,7
1033,1033,37,37,8,8
1034,1034,1,37,9,9
1035,1035,38,19,7,7
1036,1036,1,38,9,7
1037,1037,1,38,9,7
1038,1038,1,3,4,2
1039,1039,1,38,4,9
1040,1040,3,1,2,5
1041,1041,1,19,4,5
1042,1042,37,37,9,7
1043,1043,37,37,9,6
1044,1044,38,38,9,9
1045,1045,19,19,4,7
1046,1046,1,19,4,9
1047,1047,3,38,2,10
1048,1048,2,1,4,4
1049,1049,1,19,9,6
1050,1050,38,38,5,5
1051,1051,1,38,4,8
1052,1052,19,37,4,7
1053,1053,3,3,4,5
1054,1054,3,3,2,2
1055,1055,37,37,9,7
1056,1056,19,19,5,7
1057,1057,1,37,4,4
1058,1058,1,38,1,7
1059,1059,1,19,1,5
1060,1060,19,19,4,10
1061,1061,1,19,5,5
1062,1062,19,19,7,7
1063,1063,37,11,9,10
1064,1064,19,1,4,4
1065,1065,19,1,5,10
1066,1066,19,1,5,10
1067,1067,38,37,5,6
1068,1068,37,38,3,3
1069,1069,1,19,9,8
1070,1070,19,19,9,9
1071,1071,1,1,4,4
1072,1072,19,19,8,8
1073,1073,38,37,5,5
1074,1074,3,3,1,90
1075,1075,37,37,9,5
1076,1076,19,19,4,7
1077,1077,19,38,9,9
1078,1078,37,37,5,9
1079,1079,3,1,2,3
1080,1080,1,37,4,9
1081,1081,1,19,4,0
1082,1082,19,19,9,9
1083,1083,5,1,2,10
1084,1084,1,19,9,4
1085,1085,19,1,9,3
1086,1086,3,1,2,1
1087,1087,12,38,9,5
1088,1088,38,19,132,103
1089,1089,1,1,4,0
1090,1090,19,19,5,7
1091,1091,1,1,4,5
1092,1092,19,19,5,8
1093,1093,37,38,0,7
1094,1094,19,19,4,4
1095,1095,19,1,9,9
1096,1096,37,37,9,9
1097,1097,12,3,5,8
1098,1098,37,38,9,9
1099,1099,1,4,5,3
1100,1100,19,37,1,9
1101,1101,19,19,9,9
1102,1102,19,19,9,9
1103,1103,38,38,7,5
1104,1104,3,19,9,9
1105,1105,19,19,0,5
1106,1106,37,38,9,9
1107,1107,34,34,0,0
1108,1108,38,19,8,8
1109,1109,19,37,5,9
1110,1110,19,36,90,7
1111,1111,38,38,6,6
1112,1112,1,19,6,7
1113,1113,38,19,9,7
1114,1114,38,38,3,3
1115,1115,19,19,9,7
1116,1116,38,37,9,7
1117,1117,3,38,1,9
1118,1118,38,19,9,5
1119,1119,37,37,9,9
1120,1120,19,38,5,9
1121,1121,38,19,9,9
1122,1122,1,1,5,5
1123,1123,1,19,4,8
1124,1124,37,38,9,9
1125,1125,38,37,9,9
1126,1126,37,38,9,9
1127,1127,3,37,2,10
1128,1128,37,38,9,9
1129,1129,37,37,9,6
1130,1130,37,38,5,8
1131,1131,19,37,7,7
1132,1132,1,2,9,3
1133,1133,37,37,194,171
1134,1134,19,1,9,5
1135,1135,37,37,5,6
1136,1136,37,37,5,6
1137,1137,37,38,9,9
1138,1138,1,38,4,9
1139,1139,38,37,3,3
1140,1140,19,19,4,6
1141,1141,38,19,5,6
1142,1142,19,38,7,9
1143,1143,1,1,2,2
1144,1144,19,19,9,5
1145,1145,37,37,9,9
1146,1146,19,11,0,0
1147,1147,19,38,4,5
1148,1148,19,38,5,7
1149,1149,1,1,9,0
1150,1150,19,19,4,4
1151,1151,12,19,4,5
1152,1152,37,37,9,1
1153,1153,1,19,3,5
1154,1154,38,1,9,4
1155,1155,1,37,7,7
1156,1156,1,2,10,10
1157,1157,38,37,9,7
1158,1158,38,37,9,7
1159,1159,1,37,9,7
1160,1160,19,19,3,9
1161,1161,37,37,9,9
1162,1162,37,37,3,3
1163,1163,38,1,9,5
1164,1164,37,37,3,4
1165,1165,37,37,9,9
1166,1166,19,37,5,9
1167,1167,3,37,9,9
1168,1168,19,19,0,0
1169,1169,3,1,2,7
1170,1170,19,37,5,7
1171,1171,38,19,5,7
1172,1172,1,19,4,3
1173,1173,34,34,0,0
1174,1174,1,1,4,10
1175,1175,1,37,9,9
1176,1176,19,1,5,5
1177,1177,37,37,5,6
1178,1178,2,1,9,1
1179,1179,37,37,9,9
1180,1180,38,37,9,9
1181,1181,37,37,9,9
1182,1182,1,1,9,9
1183,1183,19,19,5,5
1184,1184,19,38,9,9
1185,1185,19,38,192,192
1186,1186,19,19,9,9
1187,1187,37,19,9,7
1188,1188,37,37,9,7
1189,1189,19,1,5,7
1190,1190,1,19,4,4
1191,1191,34,34,0,0
1192,1192,1,1,4,4
1193,1193,19,19,7,7
1194,1194,1,1,3,6
1195,1195,38,37,9,9
1196,1196,19,19,4,7
1197,1197,37,2,9,3
1198,1198,1,37,5,5
1199,1199,1,19,4,4
1200,1200,1,19,5,5
1201,1201,1,19,4,4
1202,1202,37,37,4,8
1203,1203,19,37,9,7
1204,1204,1,38,194,163
1205,1205,34,34,0,0
1206,1206,38,38,1,9
1207,1207,37,34,90,0
1208,1208,19,37,9,10
1209,1209,37,38,0,5
1210,1210,37,37,9,9
1211,1211,37,37,9,9
1212,1212,1,1,9,9
1213,1213,38,1,9,4
1214,1214,37,37,0,0
1215,1215,19,19,7,9
1216,1216,3,38,3,7
1217,1217,19,19,5,8
1218,1218,19,37,7,6
1219,1219,1,1,4,10
1220,1220,19,38,9,7
1221,1221,39,1,3,4
1222,1222,19,1,9,5
1223,1223,19,39,5,3
1224,1224,1,19,1,5
1225,1225,19,38,7,7
1226,1226,38,38,7,7
1227,1227,9,19,4,3
1228,1228,38,38,5,7
1229,1229,38,38,4,8
1230,1230,1,1,4,3
1231,1231,19,38,5,6
1232,1232,1,19,4,4
1233,1233,19,38,4,10
1234,1234,3,1,4,5
1235,1235,1,37,1,1
1236,1236,19,38,7,4
1237,1237,1,37,4,3
1238,1238,1,37,7,7
1239,1239,38,37,9,9
1240,1240,3,1,4,4
1241,1241,37,37,9,9
1242,1242,19,19,4,4
1243,1243,1,19,4,5
1244,1244,19,3,9,1
1245,1245,37,37,4,9
1246,1246,37,37,5,5
1247,1247,19,19,9,9
1248,1248,19,19,9,9
1249,1249,19,37,3,6
1250,1250,38,37,5,3
1251,1251,19,39,4,8
1252,1252,38,37,9,5
1253,1253,38,38,7,8
1254,1254,38,38,7,8
1255,1255,19,19,5,1
1256,1256,3,1,5,5
1257,1257,19,38,5,5
1258,1258,38,37,7,7
1259,1259,1,37,4,7
1260,1260,19,38,9,9
1261,1261,1,1,3,3
1262,1262,19,37,9,3
1263,1263,19,19,9,9
1264,1264,37,19,7,3
1265,1265,38,37,9,5
1266,1266,1,1,4,5
1267,1267,38,38,9,10
1268,1268,19,37,9,7
1269,1269,38,38,191,193
1270,1270,37,37,6,6
1271,1271,37,19,9,10
1272,1272,19,38,9,9
1273,1273,38,37,9,8
1274,1274,37,37,7,8
1275,1275,37,37,9,7
1276,1276,19,19,4,7
1277,1277,1,19,9,7
1278,1278,37,37,9,9
1279,1279,1,12,4,5
1280,1280,19,37,9,9
1281,1281,19,19,4,9
1282,1282,38,19,7,9
1283,1283,1,19,4,7
1284,1284,19,19,4,4
1285,1285,19,37,5,7
1286,1286,19,38,3,3
1287,1287,1,1,4,9
1288,1288,19,1,9,9
1289,1289,36,37,0,0
1290,1290,19,19,9,7
1291,1291,1,19,9,8
1292,1292,38,38,9,9
1293,1293,1,19,9,7
1294,1294,4,12,2,9
1295,1295,1,41,9,3
1296,1296,1,1,4,4
1297,1297,34,34,0,0
1298,1298,37,37,9,6
1299,1299,2,37,4,9
1300,1300,38,38,5,5
1301,1301,1,19,3,4
1302,1302,3,19,3,9
1303,1303,3,3,2,2
1304,1304,3,3,1,10
1305,1305,1,19,7,7
1306,1306,19,19,9,9
1307,1307,1,38,8,8
1308,1308,19,38,5,7
1309,1309,37,38,5,7
1310,1310,38,38,9,9
1311,1311,1,19,143,172
1312,1312,37,37,9,6
1313,1313,38,37,9,5
1314,1314,3,39,2,3
1315,1315,19,1,5,7
1316,1316,19,37,9,7
1317,1317,1,19,4,9
1318,1318,34,38,0,8
1319,1319,1,19,5,7
1320,1320,1,38,4,8
1321,1321,1,38,9,3
1322,1322,19,1,194,103
1323,1323,38,38,9,9
1324,1324,38,38,5,5
1325,1325,3,38,2,10
1326,1326,37,37,9,9
1327,1327,1,37,4,9
1328,1328,34,38,0,7
1329,1329,1,1,3,3
1330,1330,4,1,2,9
1331,1331,19,38,9,7
1332,1332,1,1,3,10
1333,1333,3,1,1,3
1334,1334,19,37,7,7
1335,1335,38,38,5,5
1336,1336,1,19,2,10
1337,1337,1,38,3,7
1338,1338,37,37,9,6
1339,1339,1,19,9,9
1340,1340,37,38,7,8
1341,1341,37,37,6,9
1342,1342,19,19,9,9
1343,1343,19,38,7,7
1344,1344,37,37,9,7
1345,1345,1,1,4,8
1346,1346,1,3,4,4
1347,1347,1,1,3,3
1348,1348,1,1,7,7
1349,1349,19,38,8,9
1350,1350,19,19,4,9
1351,1351,1,1,3,3
1352,1352,19,19,9,9
1353,1353,1,19,4,3
1354,1354,38,19,4,9
1355,1355,1,38,5,8
1356,1356,1,12,4,5
1357,1357,34,37,0,0
1358,1358,19,1,9,5
1359,1359,1,1,4,10
1360,1360,19,37,9,9
1361,1361,3,1,123,152
1362,1362,37,38,9,9
1363,1363,38,38,5,5
1364,1364,19,1,9,9
1365,1365,19,37,4,9
1366,1366,6,22,3,3
1367,1367,1,19,3,5
1368,1368,38,38,9,9
1369,1369,19,19,7,3
1370,1370,1,19,9,9
1371,1371,38,37,4,8
1372,1372,1,1,9,9
1373,1373,1,19,5,9
1374,1374,1,38,3,5
1375,1375,1,37,4,8
1376,1376,38,1,5,1
1377,1377,1,1,9,3
1378,1378,37,19,7,7
1379,1379,19,37,5,5
1380,1380,1,1,5,9
1381,1381,3,19,2,8
1382,1382,38,19,9,9
1383,1383,1,19,4,1
1384,1384,19,38,9,8
1385,1385,1,1,5,3
1386,1386,19,37,1,9
1387,1387,2,3,3,2
1388,1388,37,37,9,5
1389,1389,37,13,4,90
1390,1390,1,19,3,3
1391,1391,1,1,2,7
1392,1392,3,19,3,10
1393,1393,19,19,9,9
1394,1394,1,19,4,9
1395,1395,38,38,191,175
1396,1396,12,1,9,3
1397,1397,1,1,3,9
1398,1398,12,37,3,9
1399,1399,37,38,9,9
1400,1400,19,19,9,8
1401,1401,1,3,3,3
1402,1402,38,38,9,7
1403,1403,12,1,1,90
1404,1404,38,1,9,7
1405,1405,2,37,2,8
1406,1406,1,3,5,8
1407,1407,38,37,5,5
1408,1408,38,1,9,9
1409,1409,11,34,5,0
1410,1410,38,1,9,1
1411,1411,37,37,9,5
1412,1412,19,37,9,7
1413,1413,37,37,9,9
1414,1414,37,37,9,9
1415,1415,19,1,4,7
1416,1416,19,19,90,90
1417,1417,19,19,90,7
1418,1418,3,19,5,5
1419,1419,19,19,5,7
1420,1420,38,38,9,10
1421,1421,37,37,9,5
1422,1422,1,38,5,7
1423,1423,19,38,9,7
1424,1424,38,38,6,6
1425,1425,19,37,9,9
1426,1426,19,19,5,5
1427,1427,4,4,2,6
1428,1428,2,37,1,1
1429,1429,37,37,9,9
1430,1430,19,38,9,7
1431,1431,38,38,5,7
1432,1432,1,12,4,9
1433,1433,37,38,7,7
1434,1434,1,38,4,8
1435,1435,1,38,9,9
1436,1436,41,1,3,4
1437,1437,1,3,143,152
1438,1438,37,37,9,9
1439,1439,1,1,9,9
1440,1440,38,37,9,6
1441,1441,19,19,7,3
1442,1442,1,1,9,9
1443,1443,1,1,4,3
1444,1444,1,4,9,5
1445,1445,1,1,6,6
1446,1446,4,19,4,3
1447,1447,3,29,3,5
1448,1448,1,19,4,3
1449,1449,37,37,9,4
1450,1450,1,19,4,4
1451,1451,2,1,4,1
1452,1452,19,37,9,9
1453,1453,1,1,4,1
1454,1454,19,37,5,7
1455,1455,3,1,2,3
1456,1456,1,37,4,9
1457,1457,1,19,4,5
1458,1458,1,1,3,7
1459,1459,2,38,143,163
1460,1460,37,37,7,7
1461,1461,38,37,7,7
1462,1462,38,38,9,8
1463,1463,3,19,2,8
1464,1464,1,19,4,4
1465,1465,19,19,4,3
1466,1466,34,34,0,0
1467,1467,10,12,9,9
1468,1468,37,38,4,4
1469,1469,1,19,9,7
1470,1470,1,1,4,3
1471,1471,3,38,3,7
1472,1472,3,3,7,1
1473,1473,19,38,4,9
1474,1474,37,37,0,4
1475,1475,1,3,9,10
1476,1476,19,38,4,7
1477,1477,37,37,9,5
1478,1478,2,1,3,3
1479,1479,1,19,4,4
1480,1480,1,1,4,9
1481,1481,1,1,9,4
1482,1482,37,37,9,1
1483,1483,3,1,2,6
1484,1484,1,1,9,9
1485,1485,37,37,9,7
1486,1486,19,1,4,3
1487,1487,1,3,4,2
1488,1488,1,37,4,9
1489,1489,19,37,8,5
1490,1490,19,19,4,0
1491,1491,37,37,9,9
1492,1492,1,3,9,9
1493,1493,3,4,2,2
1494,1494,19,1,5,8
1495,1495,1,3,2,2
1496,1496,3,1,2,5
1497,1497,1,37,5,5
1498,1498,1,1,4,10
1499,1499,37,37,9,8
1500,1500,1,38,4,4
1501,1501,38,37,3,3
1502,1502,1,1,90,90
1503,1503,37,19,5,3
1504,1504,37,37,191,183
1505,1505,37,37,9,7
1506,1506,38,38,7,7
1507,1507,37,19,9,9
1508,1508,19,37,7,7
1509,1509,19,37,7,7
1510,1510,1,1,6,6
1511,1511,1,1,4,8
1512,1512,37,19,9,10
1513,1513,19,37,5,9
1514,1514,3,1,9,9
1515,1515,19,37,9,9
1516,1516,19,37,9,7
1517,1517,19,1,4,1
1518,1518,19,1,4,1
1519,1519,37,19,9,8
1520,1520,1,1,9,4
1521,1521,19,19,9,9
1522,1522,37,37,9,9
1523,1523,19,1,9,4
1524,1524,19,1,7,4
1525,1525,3,2,2,2
1526,1526,1,1,4,3
1527,1527,1,1,5,1
1528,1528,37,37,9,9
1529,1529,19,1,9,7
1530,1530,3,3,2,9
1531,1531,19,19,9,4
1532,1532,38,1,9,5
1533,1533,37,37,9,6
1534,1534,4,3,2,7
1535,1535,1,38,9,9
1536,1536,37,37,9,9
1537,1537,37,19,9,8
1538,1538,38,19,9,10
1539,1539,38,19,7,7
1540,1540,37,37,4,7
1541,1541,38,37,3,5
1542,1542,37,37,7,8
1543,1543,19,19,90,90
1544,1544,42,1,4,9
1545,1545,34,34,0,0
1546,1546,1,37,4,9
1547,1547,19,37,9,5
1548,1548,34,34,0,0
1549,1549,37,37,9,9
1550,1550,38,38,9,9
1551,1551,34,34,0,0
1552,1552,37,37,9,9
1553,1553,37,37,9,9
1554,1554,1,38,5,5
1555,1555,37,37,9,9
1556,1556,1,19,2,7
1557,1557,37,19,9,5
1558,1558,1,38,6,6
1559,1559,37,37,9,9
1560,1560,3,19,2,10
1561,1561,2,3,2,4
1562,1562,38,19,5,7
1563,1563,1,1,3,4
1564,1564,19,19,5,5
1565,1565,37,1,3,9
1566,1566,1,19,7,7
1567,1567,19,38,9,5
1568,1568,1,19,4,4
1569,1569,19,1,9,4
1570,1570,37,37,9,6
1571,1571,37,37,9,9
1572,1572,37,37,9,10
1573,1573,37,37,90,90
1574,1574,37,37,9,7
1575,1575,37,37,6,6
1576,1576,19,19,4,4
1577,1577,37,37,9,9
1578,1578,19,37,5,5
1579,1579,37,19,9,8
1580,1580,38,37,9,9
1581,1581,37,37,9,7
1582,1582,1,3,4,2
1583,1583,19,37,3,9
1584,1584,37,38,9,9
1585,1585,37,19,9,9
1586,1586,29,38,9,8
1587,1587,38,37,7,7
1588,1588,1,2,3,3
1589,1589,37,37,5,4
1590,1590,1,19,4,99
1591,1591,1,19,4,7
1592,1592,3,1,2,10
1593,1593,19,38,5,5
1594,1594,38,37,9,3
1595,1595,1,38,9,9
1596,1596,1,37,4,9
1597,1597,37,37,9,9
1598,1598,19,1,9,9
1599,1599,37,37,7,7
1600,1600,38,38,9,9
1601,1601,1,1,0,3
1602,1602,1,19,4,10
1603,1603,1,19,4,1
1604,1604,19,38,6,6
1605,1605,1,19,9,8
1606,1606,38,38,9,9
1607,1607,3,19,3,9
1608,1608,4,3,2,1
1609,1609,38,19,9,10
1610,1610,38,19,7,7
1611,1611,1,38,4,7
1612,1612,19,37,8,8
1613,1613,19,19,5,5
1614,1614,34,34,0,0
1615,1615,38,37,5,3
1616,1616,19,19,9,5
1617,1617,37,38,6,9
1618,1618,37,1,7,4
1619,1619,19,1,9,9
1620,1620,1,1,9,10
1621,1621,19,3,9,7
1622,1622,38,37,9,9
1623,1623,37,37,9,4
1624,1624,37,37,9,9
1625,1625,1,19,4,7
1626,1626,37,37,7,10
1627,1627,37,2,9,4
1628,1628,37,37,5,5
1629,1629,19,3,4,0
1630,1630,37,38,9,8
1631,1631,37,38,9,9
1632,1632,19,19,9,4
1633,1633,37,37,9,9
1634,1634,38,3,132,122
1635,1635,37,37,9,10
1636,1636,38,37,7,5
1637,1637,1,19,6,6
1638,1638,1,1,4,4
1639,1639,37,37,5,3
1640,1640,3,1,2,3
1641,1641,1,37,4,3
1642,1642,38,38,9,7
1643,1643,1,1,4,4
1644,1644,37,19,9,9
1645,1645,3,3,3,3
1646,1646,3,19,4,7
1647,1647,1,19,3,3
1648,1648,1,38,4,7
1649,1649,19,37,9,7
1650,1650,1,38,4,9
1651,1651,3,1,9,9
1652,1652,1,1,4,7
1653,1653,43,3,3,3
1654,1654,19,19,3,10
1655,1655,1,1,2,9
1656,1656,38,1,9,3
1657,1657,3,19,1,4
1658,1658,37,19,9,8
1659,1659,37,37,9,9
1660,1660,3,3,1,2
1661,1661,1,19,4,6
1662,1662,3,3,5,2
1663,1663,19,1,4,4
1664,1664,1,37,9,7
1665,1665,37,37,9,1
1666,1666,1,1,4,4
1667,1667,1,1,5,6
1668,1668,3,19,1,5
1669,1669,1,38,4,6
1670,1670,37,37,5,8
1671,1671,1,1,4,2
1672,1672,19,3,4,2
1673,1673,3,1,4,1
1674,1674,1,1,4,4
1675,1675,1,1,4,9
1676,1676,1,1,4,4
1677,1677,3,3,1,7
1678,1678,1,1,3,3
1679,1679,37,36,4,90
1680,1680,1,37,9,9
1681,1681,38,38,9,7
1682,1682,1,19,4,4
1683,1683,19,1,9,4
1684,1684,2,2,3,3
1685,1685,37,37,5,5
1686,1686,3,3,2,2
1687,1687,38,1,9,9
1688,1688,3,3,2,2
1689,1689,19,1,9,9
1690,1690,37,37,9,9
1691,1691,34,34,0,0
1692,1692,1,37,4,7
1693,1693,37,38,9,9
1694,1694,3,19,3,10
1695,1695,3,3,3,10
1696,1696,38,37,9,8
1697,1697,19,38,4,5
1698,1698,34,1,0,2
1699,1699,1,1,5,5
1700,1700,37,37,90,90
1701,1701,38,37,9,9
1702,1702,1,1,5,5
1703,1703,34,34,0,0
1704,1704,38,38,7,7
1705,1705,1,19,4,9
1706,1706,3,1,4,1
1707,1707,1,1,4,4
1708,1708,1,38,8,9
1709,1709,19,1,7,10
1710,1710,37,38,9,5
1711,1711,37,37,9,9
1712,1712,19,19,5,4
1713,1713,3,1,3,10
1714,1714,1,3,9,4
1715,1715,19,37,9,9
1716,1716,1,19,4,10
1717,1717,38,38,7,7
1718,1718,37,38,4,4
1719,1719,38,37,7,7
1720,1720,2,1,2,4
1721,1721,38,37,9,9
1722,1722,37,37,9,9
1723,1723,3,3,2,8
1724,1724,2,1,9,9
1725,1725,19,19,3,10
1726,1726,37,37,5,1
1727,1727,34,34,99,99
1728,1728,38,37,4,9
1729,1729,38,37,4,9
1730,1730,37,37,9,9
1731,1731,3,3,5,10
1732,1732,19,19,90,8
1733,1733,37,38,9,10
1734,1734,37,3,9,10
1735,1735,1,1,9,9
1736,1736,2,19,3,8
1737,1737,3,1,2,1
1738,1738,1,3,9,10
1739,1739,3,1,5,9
1740,1740,37,37,9,10
1741,1741,3,3,5,2
1742,1742,1,1,4,2
1743,1743,3,19,2,9
1744,1744,1,1,9,6
1745,1745,37,37,90,90
1746,1746,1,1,4,4
1747,1747,19,1,9,4
1748,1748,19,1,9,6
1749,1749,1,1,9,4
1750,1750,38,38,7,7
1751,1751,3,2,2,6
1752,1752,38,19,9,9
1753,1753,39,39,3,3
1754,1754,19,3,5,2
1755,1755,3,1,2,9
1756,1756,1,1,3,3
1757,1757,4,4,3,3
1758,1758,1,37,4,8
1759,1759,4,19,2,5
1760,1760,1,1,4,7
1761,1761,19,19,191,171
1762,1762,1,1,5,7
1763,1763,1,19,1,3
1764,1764,37,2,6,4
1765,1765,1,1,6,6
1766,1766,19,38,9,9
1767,1767,1,1,9,9
1768,1768,19,2,9,3
1769,1769,3,19,2,6
1770,1770,3,3,2,2
1771,1771,37,19,9,5
1772,1772,38,38,9,8
1773,1773,1,1,9,9
1774,1774,19,19,4,4
1775,1775,1,19,4,5
1776,1776,1,3,0,0
1777,1777,19,38,4,7
1778,1778,37,12,9,9
1779,1779,37,38,7,7
1780,1780,37,19,9,9
1781,1781,1,37,9,10
1782,1782,1,19,3,3
1783,1783,37,37,3,7
1784,1784,3,38,123,171
1785,1785,37,38,9,9
1786,1786,37,38,7,7
1787,1787,37,37,9,4
1788,1788,37,37,9,9
1789,1789,3,3,0,1
1790,1790,19,1,4,4
1791,1791,37,37,9,4
1792,1792,3,1,3,10
1793,1793,3,5,2,2
1794,1794,1,1,4,7
1795,1795,19,37,173,183
1796,1796,38,38,7,9
1797,1797,38,37,9,7
1798,1798,38,1,9,9
1799,1799,37,38,4,9
1800,1800,38,3,9,3
1801,1801,3,1,4,1
1802,1802,34,34,0,0
1803,1803,1,1,9,9
1804,1804,19,1,4,4
1805,1805,19,19,9,5
1806,1806,3,1,2,9
1807,1807,1,1,3,5
1808,1808,3,3,1,1
1809,1809,1,19,4,7
1810,1810,1,1,5,3
1811,1811,37,37,9,9
1812,1812,1,19,3,3
1813,1813,37,37,5,5
1814,1814,37,38,9,9
1815,1815,1,37,4,7
1816,1816,19,37,1,1
1817,1817,37,37,6,6
1818,1818,37,37,9,9
1819,1819,2,37,9,9
1820,1820,3,2,3,3
1821,1821,19,38,4,9
1822,1822,3,1,4,3
1823,1823,1,38,4,5
1824,1824,1,1,4,4
1825,1825,3,3,3,3
1826,1826,19,37,5,3
1827,1827,38,1,5,7
1828,1828,1,38,4,9
1829,1829,37,37,4,5
1830,1830,38,37,5,6
1831,1831,37,19,9,8
1832,1832,1,1,4,4
1833,1833,37,19,9,8
1834,1834,19,19,9,9
1835,1835,19,38,3,9
1836,1836,38,38,191,192
1837,1837,37,19,9,3
1838,1838,37,37,9,9
1839,1839,3,19,2,5
1840,1840,1,19,4,4
1841,1841,38,37,0,5
1842,1842,19,19,3,10
1843,1843,1,38,3,6
1844,1844,3,1,3,3
1845,1845,1,1,9,9
1846,1846,3,19,2,4
1847,1847,37,3,5,2
1848,1848,36,14,9,10
1849,1849,5,5,2,2
1850,1850,3,3,2,2
1851,1851,1,1,7,10
1852,1852,19,38,9,7
1853,1853,3,19,3,3
1854,1854,3,3,2,10
1855,1855,37,37,90,90
1856,1856,19,1,90,90
1857,1857,3,3,9,9
1858,1858,19,1,9,9
1859,1859,1,4,4,2
1860,1860,3,2,2,2
1861,1861,19,19,0,5
1862,1862,1,1,4,4
1863,1863,1,1,5,4
1864,1864,37,38,9,5
1865,1865,9,19,4,4
1866,1866,1,1,3,7
1867,1867,19,19,5,9
1868,1868,37,37,9,6
1869,1869,37,19,9,8
1870,1870,19,11,0,0
1871,1871,34,3,7,2
1872,1872,1,1,4,4
1873,1873,1,1,4,10
1874,1874,34,34,0,0
1875,1875,19,19,7,7
1876,1876,37,37,9,9
1877,1877,42,1,3,7
1878,1878,37,19,4,4
1879,1879,2,19,5,5
1880,1880,19,3,4,9
1881,1881,37,37,9,9
1882,1882,37,37,9,4
1883,1883,19,38,9,9
1884,1884,1,19,10,5
1885,1885,37,37,191,172
1886,1886,19,2,9,3
1887,1887,37,37,9,7
1888,1888,37,37,5,0
1889,1889,2,19,2,8
1890,1890,1,1,9,3
1891,1891,40,43,4,4
1892,1892,38,37,7,7
1893,1893,2,22,4,3
1894,1894,2,3,4,8
1895,1895,1,1,4,3
1896,1896,19,19,7,9
1897,1897,19,37,8,8
1898,1898,3,3,2,2
1899,1899,12,12,4,1
1900,1900,3,1,2,8
1901,1901,1,37,3,0
1902,1902,1,9,4,4
1903,1903,1,1,4,4
1904,1904,19,1,4,10
1905,1905,19,1,7,9
1906,1906,1,37,4,8
1907,1907,4,12,5,9
1908,1908,19,1,9,10
1909,1909,2,19,3,9
1910,1910,3,3,2,2
1911,1911,3,19,4,5
1912,1912,37,37,5,7
1913,1913,38,1,9,3
1914,1914,19,37,3,3
1915,1915,12,12,9,4
1916,1916,1,37,4,8
1917,1917,19,38,5,8
1918,1918,19,38,9,10
1919,1919,19,37,9,9
1920,1920,19,19,1,1
1921,1921,1,1,3,7
1922,1922,37,38,9,8
1923,1923,19,1,9,1
1924,1924,37,38,5,1
1925,1925,1,38,4,7
1926,1926,1,1,4,10
1927,1927,38,19,9,4
1928,1928,19,19,9,9
1929,1929,38,38,9,5
1930,1930,1,1,9,9
1931,1931,19,1,1,1
1932,1932,38,38,5,7
1933,1933,19,19,3,3
1934,1934,19,37,9,4
1935,1935,19,38,9,9
1936,1936,1,38,3,3
1937,1937,4,1,2,10
1938,1938,19,38,4,5
1939,1939,19,19,4,10
1940,1940,3,3,3,4
1941,1941,1,1,9,4
1942,1942,38,38,9,6
1943,1943,12,19,9,9
1944,1944,4,19,3,5
1945,1945,1,19,4,7
1946,1946,37,37,9,9
1947,1947,19,38,5,3
1948,1948,1,19,4,10
1949,1949,38,38,9,9
1950,1950,38,37,5,5
1951,1951,38,38,4,7
1952,1952,19,19,9,9
1953,1953,19,37,7,7
1954,1954,1,38,5,6
1955,1955,3,19,2,3
1956,1956,19,38,4,0
1957,1957,19,1,4,5
1958,1958,37,37,4,4
1959,1959,12,38,4,9
1960,1960,19,1,9,9
1961,1961,1,1,4,9
1962,1962,19,1,9,4
1963,1963,1,1,5,4
1964,1964,1,1,4,4
1965,1965,1,3,4,1
1966,1966,3,1,2,4
1967,1967,1,19,3,4
1968,1968,3,2,4,3
1969,1969,1,1,3,4
1970,1970,1,2,4,7
1971,1971,19,3,5,2
1972,1972,2,19,2,4
1973,1973,19,19,5,4
1974,1974,19,19,4,6
1975,1975,1,12,3,10
1976,1976,1,1,4,4
1977,1977,19,19,3,3
1978,1978,1,19,191,102
1979,1979,1,2,3,3
1980,1980,12,1,9,9
1981,1981,19,19,9,9
1982,1982,19,19,7,7
1983,1983,38,37,6,6
1984,1984,38,19,5,8
1985,1985,19,1,5,5
1986,1986,37,37,9,7
1987,1987,37,37,9,9
1988,1988,37,37,9,10
1989,1989,19,37,3,3
1990,1990,4,1,4,10
1991,1991,37,19,5,5
1992,1992,37,37,9,9
1993,1993,1,1,4,7
1994,1994,37,38,193,181
1995,1995,19,9,0,0
1996,1996,30,19,0,2
1997,1997,3,37,4,8
1998,1998,37,37,9,9
1999,1999,37,38,4,7
2000,2000,19,19,9,7
2001,2001,1,1,9,6
2002,2002,38,37,9,5
2003,2003,38,38,9,9
2004,2004,19,38,4,8
2005,2005,34,34,0,0
2006,2006,1,37,4,10
2007,2007,37,37,9,8
2008,2008,37,37,9,2
2009,2009,37,37,9,7
2010,2010,1,1,90,90
2011,2011,37,37,9,5
2012,2012,37,37,9,4
2013,2013,38,1,5,3
2014,2014,37,37,9,9
2015,2015,19,19,4,4
2016,2016,19,19,6,6
2017,2017,3,1,6,6
2018,2018,38,1,9,10
2019,2019,19,19,5,5
2020,2020,1,1,4,9
2021,2021,19,1,9,5
2022,2022,19,1,9,4
2023,2023,38,38,9,9
2024,2024,1,12,5,8
2025,2025,37,37,9,10
2026,2026,4,19,4,10
2027,2027,3,2,3,3
2028,2028,3,39,1,3
2029,2029,19,37,4,9
2030,2030,37,38,9,6
2031,2031,19,19,9,10
2032,2032,38,37,9,9
2033,2033,19,37,9,6
2034,2034,37,37,9,9
2035,2035,37,37,6,6
2036,2036,3,19,2,8
2037,2037,1,37,5,9
2038,2038,3,3,1,1
2039,2039,37,37,9,9
2040,2040,38,19,7,7
2041,2041,38,37,9,9
2042,2042,38,37,4,6
2043,2043,37,1,9,3
2044,2044,1,19,9,9
2045,2045,1,19,3,3
2046,2046,19,1,9,1
2047,2047,37,1,7,7
2048,2048,38,19,7,7
2049,2049,3,1,2,5
2050,2050,1,19,9,7
2051,2051,37,38,9,3
2052,2052,38,38,7,7
2053,2053,1,19,4,5
2054,2054,1,38,3,9
2055,2055,1,19,4,5
2056,2056,37,19,9,8
2057,2057,1,19,9,7
2058,2058,37,37,9,9
2059,2059,1,19,5,7
2060,2060,38,37,4,10
2061,2061,19,37,3,9
2062,2062,19,19,9,8
2063,2063,1,1,9,9
2064,2064,38,38,4,7
2065,2065,38,19,9,9
2066,2066,1,38,9,8
2067,2067,19,1,7,10
2068,2068,4,1,4,4
2069,2069,19,38,4,10
2070,2070,37,1,9,7
2071,2071,1,37,1,10
2072,2072,19,3,9,4
2073,2073,38,38,5,9
2074,2074,1,19,9,9
2075,2075,19,38,3,9
2076,2076,37,37,9,4
2077,2077,38,1,4,10
2078,2078,19,37,4,8
2079,2079,3,3,3,6
2080,2080,38,38,7,7
2081,2081,38,37,9,9
2082,2082,4,4,2,1
2083,2083,37,37,9,8
2084,2084,3,1,2,3
2085,2085,19,37,9,9
2086,2086,19,37,99,90
2087,2087,1,1,4,4
2088,2088,3,2,3,6
2089,2089,19,19,4,8
2090,2090,1,1,4,7
2091,2091,38,37,5,7
2092,2092,19,19,4,7
2093,2093,5,4,2,1
2094,2094,37,37,9,9
2095,2095,3,3,2,2
2096,2096,3,3,2,2
2097,2097,3,1,4,4
2098,2098,38,1,7,7
2099,2099,37,19,5,5
2100,2100,19,19,5,5
2101,2101,38,38,9,5
2102,2102,1,1,4,3
2103,2103,37,37,9,8
2104,2104,34,19,3,0
2105,2105,19,38,9,9
2106,2106,19,19,4,7
2107,2107,1,1,3,3
2108,2108,37,37,9,9
2109,2109,2,19,2,9
2110,2110,3,3,2,2
2111,2111,1,19,4,1
2112,2112,19,1,9,2
2113,2113,19,19,9,9
2114,2114,38,38,175,183
2115,2115,38,37,5,5
2116,2116,1,19,5,5
2117,2117,1,19,4,4
2118,2118,38,38,9,9
2119,2119,12,12,90,4
2120,2120,1,1,6,7
2121,2121,19,19,4,9
2122,2122,1,38,5,5
2123,2123,37,37,9,7
2124,2124,1,19,4,10
2125,2125,5,3,3,3
2126,2126,38,38,9,9
2127,2127,38,1,5,7
2128,2128,18,18,1,1
2129,2129,19,19,8,8
2130,2130,19,1,5,7
2131,2131,19,37,3,7
2132,2132,1,37,5,7
2133,2133,19,37,4,5
2134,2134,1,1,4,5
2135,2135,19,38,1,1
2136,2136,19,1,4,1
2137,2137,37,37,9,9
2138,2138,38,19,9,9
2139,2139,19,38,4,8
2140,2140,19,19,5,8
2141,2141,1,1,5,4
2142,2142,38,37,4,9
2143,2143,1,1,9,9
2144,2144,3,1,2,3
2145,2145,37,37,7,9
2146,2146,3,3,2,2
2147,2147,37,37,9,6
2148,2148,38,19,9,5
2149,2149,19,19,4,5
2150,2150,38,37,5,5
2151,2151,1,19,3,3
2152,2152,3,1,2,9
2153,2153,38,37,7,7
2154,2154,1,19,4,9
2155,2155,38,19,151,193
2156,2156,19,19,9,9
2157,2157,1,1,4,1
2158,2158,37,19,9,10
2159,2159,3,1,3,5
2160,2160,37,37,5,8
2161,2161,1,3,1,2
2162,2162,34,37,0,0
2163,2163,19,37,7,9
2164,2164,1,1,3,3
2165,2165,1,1,3,3
2166,2166,1,1,9,3
2167,2167,38,37,5,9
2168,2168,38,38,9,9
2169,2169,1,3,3,2
2170,2170,3,3,2,1
2171,2171,1,1,5,8
2172,2172,1,19,4,4
2173,2173,37,1,9,7
2174,2174,12,2,4,2
2175,2175,1,38,4,3
2176,2176,19,38,9,1
2177,2177,1,1,7,3
2178,2178,34,34,0,0
2179,2179,1,1,5,5
2180,2180,38,37,5,5
2181,2181,38,38,7,7
2182,2182,19,19,5,4
2183,2183,19,19,7,7
2184,2184,37,19,9,3
2185,2185,2,1,3,4
2186,2186,19,19,7,5
2187,2187,19,37,4,4
2188,2188,19,38,5,7
2189,2189,3,1,2,3
2190,2190,1,1,5,5
2191,2191,37,37,9,6
2192,2192,4,19,2,3
2193,2193,3,1,2,4
2194,2194,19,38,9,7
2195,2195,37,19,5,8
2196,2196,38,19,4,7
2197,2197,1,38,5,7
2198,2198,1,1,4,7
2199,2199,38,38,9,9
2200,2200,1,1,9,10
2201,2201,37,37,9,7
2202,2202,38,3,9,1
2203,2203,19,38,6,6
2204,2204,19,19,9,9
2205,2205,1,1,4,10
2206,2206,1,1,9,8
2207,2207,39,39,3,3
2208,2208,37,19,9,8
2209,2209,38,38,4,7
2210,2210,1,38,9,5
2211,2211,1,1,4,4
2212,2212,37,37,9,9
2213,2213,38,19,5,5
2214,2214,19,38,9,9
2215,2215,19,19,9,7
2216,2216,3,1,2,4
2217,2217,3,3,2,2
2218,2218,19,19,4,9
2219,2219,19,1,4,8
2220,2220,37,1,9,8
2221,2221,1,1,4,9
2222,2222,1,3,5,10
2223,2223,3,1,2,3
2224,2224,38,37,4,6
2225,2225,19,19,9,7
2226,2226,37,37,9,9
2227,2227,3,3,3,3
2228,2228,37,37,9,6
2229,2229,37,38,9,3
2230,2230,1,1,3,9
2231,2231,1,38,4,8
2232,2232,3,3,2,2
2233,2233,1,3,1,1
2234,2234,34,34,0,0
2235,2235,19,19,5,7
2236,2236,19,19,4,8
2237,2237,38,19,9,4
2238,2238,38,37,4,5
2239,2239,19,1,191,144
2240,2240,38,19,9,8
2241,2241,3,1,3,4
2242,2242,37,37,9,9
2243,2243,1,38,4,7
2244,2244,38,37,5,7
2245,2245,37,37,90,90
2246,2246,37,37,9,8
2247,2247,1,1,4,5
2248,2248,19,1,9,10
2249,2249,37,12,9,8
2250,2250,1,1,4,10
2251,2251,1,1,4,3
2252,2252,19,37,9,7
2253,2253,5,3,2,2
2254,2254,34,34,0,0
2255,2255,19,37,5,5
2256,2256,37,37,9,6
2257,2257,38,37,5,6
2258,2258,5,3,2,2
2259,2259,4,4,2,2
2260,2260,37,37,9,6
2261,2261,1,19,4,4
2262,2262,1,1,4,4
2263,2263,2,1,2,3
2264,2264,38,38,9,9
2265,2265,37,37,9,4
2266,2266,1,19,3,5
2267,2267,39,39,9,4
2268,2268,3,1,3,4
2269,2269,3,4,2,4
2270,2270,37,37,1,1
2271,2271,34,34,99,99
2272,2272,37,38,9,10
2273,2273,37,1,5,5
2274,2274,34,34,0,0
2275,2275,37,37,9,9
2276,2276,1,3,4,2
2277,2277,37,37,6,6
2278,2278,1,42,5,3
2279,2279,1,1,4,9
2280,2280,37,37,5,5
2281,2281,1,2,4,2
2282,2282,1,38,9,6
2283,2283,38,1,9,9
2284,2284,2,1,1,2
2285,2285,19,38,4,4
2286,2286,37,37,9,9
2287,2287,19,37,6,8
2288,2288,1,1,3,3
2289,2289,1,37,5,5
2290,2290,3,38,2,7
2291,2291,5,5,2,2
2292,2292,37,37,5,10
2293,2293,34,34,90,90
2294,2294,19,37,9,9
2295,2295,1,37,4,9
2296,2296,1,38,4,7
2297,2297,1,19,3,3
2298,2298,4,5,2,2
2299,2299,1,1,4,4
2300,2300,1,1,5,10
2301,2301,5,41,3,2
2302,2302,19,19,7,7
2303,2303,37,37,9,9
2304,2304,3,2,2,3
2305,2305,1,19,4,8
2306,2306,37,37,9,9
2307,2307,2,38,2,3
2308,2308,3,1,2,9
2309,2309,19,1,90,90
2310,2310,1,38,3,3
2311,2311,19,38,9,9
2312,2312,1,19,9,9
2313,2313,34,19,0,4
2314,2314,37,37,6,6
2315,2315,1,1,3,4
2316,2316,19,37,9,8
2317,2317,1,1,4,3
2318,2318,3,1,3,3
2319,2319,1,1,4,8
2320,2320,1,1,4,8
2321,2321,19,3,9,2
2322,2322,1,2,4,2
2323,2323,37,37,9,9
2324,2324,1,37,9,9
2325,2325,1,3,9,2
2326,2326,37,37,9,9
2327,2327,2,37,2,9
2328,2328,37,37,1,4
2329,2329,38,19,9,2
2330,2330,37,38,5,10
2331,2331,34,34,0,0
2332,2332,19,37,9,7
2333,2333,1,19,4,10
2334,2334,10,10,4,4
2335,2335,38,37,9,9
2336,2336,1,1,3,3
2337,2337,37,19,9,4
2338,2338,1,38,9,9
2339,2339,38,38,5,9
2340,2340,19,19,9,9
2341,2341,37,37,9,10
2342,2342,37,19,9,4
2343,2343,2,4,4,1
2344,2344,37,19,9,4
2345,2345,3,3,2,2
2346,2346,1,19,3,8
2347,2347,3,19,4,8
2348,2348,1,1,4,3
2349,2349,19,19,3,3
2350,2350,37,19,9,9
2351,2351,19,3,4,9
2352,2352,2,1,3,6
2353,2353,3,3,1,2
2354,2354,37,37,9,9
2355,2355,37,19,90,90
2356,2356,3,1,2,3
2357,2357,1,1,4,3
2358,2358,1,38,6,6
2359,2359,3,3,2,2
2360,2360,1,1,2,3
2361,2361,19,19,9,7
2362,2362,19,6,4,3
2363,2363,19,19,9,9
2364,2364,1,19,4,5
2365,2365,19,19,9,9
2366,2366,1,1,4,7
2367,2367,1,1,7,4
2368,2368,12,12,2,8
2369,2369,3,2,4,6
2370,2370,1,19,4,5
2371,2371,1,1,4,5
2372,2372,19,3,9,2
2373,2373,3,39,2,5
2374,2374,3,1,3,5
2375,2375,19,19,9,5
2376,2376,37,37,5,8
2377,2377,37,1,7,3
2378,2378,37,37,9,9
2379,2379,3,4,2,2
2380,2380,2,37,9,7
2381,2381,1,19,4,7
2382,2382,19,38,5,7
2383,2383,1,1,4,4
2384,2384,19,1,9,9
2385,2385,19,1,4,5
2386,2386,19,38,4,0
2387,2387,37,3,5,2
2388,2388,1,38,5,7
2389,2389,38,19,5,5
2390,2390,19,1,5,5
2391,2391,1,37,9,1
2392,2392,37,1,5,4
2393,2393,38,19,9,5
2394,2394,4,19,4,5
2395,2395,37,37,6,5
2396,2396,19,38,9,7
2397,2397,1,3,4,5
2398,2398,3,1,4,4
2399,2399,3,19,2,3
2400,2400,1,1,5,5
2401,2401,1,37,9,1
2402,2402,37,37,9,9
2403,2403,19,19,9,3
2404,2404,38,37,5,10
2405,2405,1,38,9,9
2406,2406,37,37,9,9
2407,2407,37,37,7,7
2408,2408,37,38,5,5
2409,2409,43,40,2,2
2410,2410,37,37,9,9
2411,2411,34,34,90,90
2412,2412,34,34,90,90
2413,2413,37,37,9,9
2414,2414,34,34,0,0
2415,2415,34,37,9,9
2416,2416,34,30,0,5
2417,2417,37,37,9,9
2418,2418,37,37,9,9
2419,2419,1,19,9,9
2420,2420,1,1,192,144
2421,2421,38,38,9,10
2422,2422,37,37,5,5
2423,2423,37,37,9,9
2424,2424,1,37,9,8
2425,2425,37,37,5,5
2426,2426,19,38,9,9
2427,2427,19,38,9,9
2428,2428,37,37,9,9
2429,2429,1,19,4,10
2430,2430,34,34,0,0
2431,2431,38,38,6,3
2432,2432,38,37,9,9
2433,2433,38,38,9,7
2434,2434,38,37,5,7
2435,2435,37,37,9,7
2436,2436,38,37,5,8
2437,2437,1,3,2,6
2438,2438,37,37,9,5
2439,2439,1,38,9,7
2440,2440,34,34,0,0
2441,2441,1,38,4,7
2442,2442,37,37,6,6
2443,2443,34,34,0,0
2444,2444,3,19,4,6
2445,2445,34,34,0,0
2446,2446,37,37,9,9
2447,2447,37,37,6,6
2448,2448,37,19,9,10
2449,2449,37,37,9,4
2450,2450,37,37,9,9
2451,2451,1,38,5,9
2452,2452,1,3,9,10
2453,2453,1,1,9,9
2454,2454,1,1,2,9
2455,2455,3,19,3,5
2456,2456,19,19,5,5
2457,2457,37,37,7,7
2458,2458,19,37,4,8
2459,2459,12,19,5,5
2460,2460,19,37,9,9
2461,2461,37,37,7,4
2462,2462,19,19,9,6
2463,2463,3,3,2,2
2464,2464,37,38,9,9
2465,2465,37,19,9,9
2466,2466,37,37,9,10
2467,2467,37,37,9,9
2468,2468,37,37,9,1
2469,2469,38,37,8,7
2470,2470,37,37,9,9
2471,2471,5,1,2,5
2472,2472,37,37,90,90
2473,2473,1,1,9,9
2474,2474,1,1,1,6
2475,2475,3,19,2,5
2476,2476,19,37,9,9
2477,2477,38,37,4,4
2478,2478,19,38,9,9
2479,2479,1,19,4,7
2480,2480,19,19,9,4
2481,2481,3,3,2,2
2482,2482,19,19,5,5
2483,2483,37,38,5,5
2484,2484,1,38,9,6
2485,2485,37,37,9,5
2486,2486,37,37,9,9
2487,2487,19,19,90,99
2488,2488,19,1,9,7
2489,2489,19,38,5,6
2490,2490,1,38,2,8
2491,2491,1,1,4,4
2492,2492,1,1,9,6
2493,2493,1,1,4,4
2494,2494,37,37,8,7
2495,2495,1,19,9,9
2496,2496,37,37,0,0
2497,2497,19,37,9,9
2498,2498,37,1,9,10
2499,2499,1,19,2,7
2500,2500,37,37,9,9
2501,2501,5,4,1,1
2502,2502,37,37,9,1
2503,2503,19,37,5,7
2504,2504,3,1,5,5
2505,2505,38,37,9,5
2506,2506,19,19,9,9
2507,2507,19,19,4,9
2508,2508,38,37,9,7
2509,2509,19,38,9,7
2510,2510,19,38,9,7
2511,2511,19,38,3,5
2512,2512,3,2,122,4
2513,2513,3,3,2,2
2514,2514,19,1,4,9
2515,2515,1,3,4,3
2516,2516,1,1,191,171
2517,2517,1,1,1,5
2518,2518,19,1,9,5
2519,2519,19,39,5,4
2520,2520,38,38,5,5
2521,2521,38,37,5,7
2522,2522,4,3,7,4
2523,2523,1,19,7,7
2524,2524,19,1,5,5
2525,2525,1,19,9,5
2526,2526,3,1,4,7
2527,2527,1,1,9,7
2528,2528,19,19,7,7
2529,2529,3,38,2,6
2530,2530,19,38,4,8
2531,2531,1,1,4,7
2532,2532,37,38,9,6
2533,2533,38,37,3,5
2534,2534,2,19,2,6
2535,2535,38,38,8,7
2536,2536,3,1,1,5
2537,2537,3,4,3,2
2538,2538,19,19,7,7
2539,2539,42,1,2,7
2540,2540,38,19,9,5
2541,2541,1,39,4,7
2542,2542,19,19,4,5
2543,2543,1,1,9,9
2544,2544,19,1,4,3
2545,2545,38,38,6,3
2546,2546,3,1,2,8
2547,2547,19,19,9,5
2548,2548,19,37,7,7
2549,2549,19,19,9,9
2550,2550,1,2,5,3
2551,2551,37,37,9,9
2552,2552,3,3,4,4
2553,2553,38,37,5,5
2554,2554,34,34,0,0
2555,2555,19,38,194,175
2556,2556,19,37,5,8
2557,2557,1,1,2,3
2558,2558,3,3,2,2
2559,2559,38,19,141,171
2560,2560,19,1,5,10
2561,2561,3,19,2,7
2562,2562,19,37,7,7
2563,2563,38,38,2,10
2564,2564,38,1,2,4
2565,2565,37,37,5,5
2566,2566,19,19,9,6
2567,2567,38,1,5,4
2568,2568,19,1,9,8
2569,2569,37,37,9,7
2570,2570,19,1,3,9
2571,2571,19,37,9,7
2572,2572,38,38,9,9
2573,2573,1,1,4,10
2574,2574,37,19,9,9
2575,2575,37,38,4,9
2576,2576,37,37,7,5
2577,2577,37,37,9,9
2578,2578,37,37,9,7
2579,2579,19,37,5,8
2580,2580,37,37,9,9
2581,2581,19,37,4,7
2582,2582,38,38,4,7
2583,2583,38,37,9,5
2584,2584,19,37,9,8
2585,2585,19,12,9,4
2586,2586,37,34,0,0
2587,2587,1,37,5,5
2588,2588,1,19,4,6
2589,2589,37,37,9,10
2590,2590,19,1,5,9
2591,2591,19,19,9,9
2592,2592,19,37,9,9
2593,2593,37,19,9,8
2594,2594,19,19,4,5
2595,2595,19,19,7,7
2596,2596,19,37,5,9
2597,2597,1,37,5,9
2598,2598,19,38,9,9
2599,2599,19,37,5,5
2600,2600,38,38,7,7
2601,2601,37,37,5,9
2602,2602,1,1,4,9
2603,2603,38,19,5,8
2604,2604,38,37,9,8
2605,2605,37,37,7,5
2606,2606,37,37,192,192
2607,2607,37,37,5,5
2608,2608,37,1,9,7
2609,2609,38,38,5,5
2610,2610,37,37,9,9
2611,2611,1,38,5,8
2612,2612,1,1,5,5
2613,2613,1,19,5,5
2614,2614,1,38,4,9
2615,2615,3,19,2,9
2616,2616,1,1,9,9
2617,2617,19,38,5,7
2618,2618,1,19,5,4
2619,2619,38,19,5,5
2620,2620,1,1,5,5
2621,2621,3,2,2,2
2622,2622,1,37,9,9
2623,2623,19,37,134,193
2624,2624,37,37,9,8
2625,2625,1,37,3,9
2626,2626,37,37,9,9
2627,2627,1,1,4,3
2628,2628,1,19,4,4
2629,2629,1,19,7,7
2630,2630,38,38,9,5
2631,2631,1,1,9,7
2632,2632,38,38,0,5
2633,2633,1,1,7,4
2634,2634,19,1,4,4
2635,2635,1,19,7,5
2636,2636,3,1,2,4
2637,2637,37,37,9,9
2638,2638,3,3,2,2
2639,2639,37,38,9,7
2640,2640,19,19,4,7
2641,2641,37,37,9,9
2642,2642,38,38,9,9
2643,2643,3,4,2,2
2644,2644,37,1,5,4
2645,2645,37,19,6,4
2646,2646,1,37,7,7
2647,2647,3,39,3,7
2648,2648,38,38,9,5
2649,2649,37,1,9,10
2650,2650,19,38,9,8
2651,2651,3,1,2,8
2652,2652,3,19,2,10
2653,2653,3,19,4,5
2654,2654,37,37,5,7
2655,2655,3,38,2,1
2656,2656,37,37,9,9
2657,2657,1,3,5,10
2658,2658,1,19,9,9
2659,2659,38,37,5,5
2660,2660,37,37,3,3
2661,2661,19,37,3,9
2662,2662,37,37,9,7
2663,2663,1,19,3,5
2664,2664,1,1,5,5
2665,2665,37,3,9,3
2666,2666,37,37,9,10
2667,2667,38,1,9,9
2668,2668,19,19,4,4
2669,2669,37,38,9,7
2670,2670,37,38,9,9
2671,2671,19,19,5,5
2672,2672,38,38,1,4
2673,2673,19,1,9,8
2674,2674,34,34,99,99
2675,2675,19,37,5,5
2676,2676,37,37,1,1
2677,2677,37,37,9,6
2678,2678,37,37,9,9
2679,2679,38,1,134,134
2680,2680,37,38,175,103
2681,2681,34,34,0,0
2682,2682,38,38,7,8
2683,2683,37,37,6,7
2684,2684,1,19,5,9
2685,2685,1,19,5,9
2686,2686,1,38,141,192
2687,2687,19,38,9,8
2688,2688,19,19,90,90
2689,2689,37,19,9,9
2690,2690,1,38,90,8
2691,2691,19,19,9,7
2692,2692,1,4,9,10
2693,2693,19,19,4,4
2694,2694,38,1,9,4
2695,2695,1,1,4,3
2696,2696,1,2,144,123
2697,2697,19,19,3,1
2698,2698,19,19,191,171
2699,2699,37,1,9,7
2700,2700,37,37,9,9
2701,2701,1,1,4,3
2702,2702,3,1,2,2
2703,2703,38,19,7,3
2704,2704,1,38,1,9
2705,2705,1,1,4,4
2706,2706,19,5,4,1
2707,2707,3,3,2,2
2708,2708,1,3,9,5
2709,2709,3,1,9,6
2710,2710,19,3,9,2
2711,2711,38,37,9,6
2712,2712,37,37,0,6
2713,2713,37,38,7,9
2714,2714,3,3,3,4
2715,2715,1,1,5,5
2716,2716,38,38,9,9
2717,2717,19,38,9,9
2718,2718,1,1,9,4
2719,2719,1,1,3,4
2720,2720,3,1,1,4
2721,2721,1,38,9,8
2722,2722,2,3,2,2
2723,2723,3,3,2,5
2724,2724,19,1,9,3
2725,2725,37,37,7,7
2726,2726,4,5,2,2
2727,2727,19,19,9,9
2728,2728,38,19,5,7
2729,2729,4,1,2,9
2730,2730,38,38,5,8
2731,2731,4,1,5,5
2732,2732,2,12,3,10
2733,2733,19,19,4,4
2734,2734,1,19,4,10
2735,2735,1,12,9,10
2736,2736,37,37,9,9
2737,2737,1,37,9,9
2738,2738,3,1,2,4
2739,2739,38,37,6,6
2740,2740,37,1,9,9
2741,2741,19,38,9,9
2742,2742,34,34,0,0
2743,2743,37,37,4,4
2744,2744,1,1,3,3
2745,2745,19,19,4,7
2746,2746,37,19,9,8
2747,2747,37,38,191,163
2748,2748,3,2,2,6
2749,2749,37,37,9,9
2750,2750,37,37,9,7
2751,2751,1,38,4,7
2752,2752,1,37,3,5
2753,2753,19,37,6,8
2754,2754,38,38,9,7
2755,2755,38,38,9,7
2756,2756,37,37,5,5
2757,2757,37,37,9,9
2758,2758,3,5,2,2
2759,2759,38,19,3,5
2760,2760,2,3,9,6
2761,2761,3,38,3,7
2762,2762,37,37,9,5
2763,2763,37,37,5,5
2764,2764,9,9,90,90
2765,2765,37,37,9,9
2766,2766,1,1,4,4
2767,2767,37,37,7,7
2768,2768,19,1,5,90
2769,2769,38,19,6,10
2770,2770,1,19,9,8
2771,2771,19,38,7,7
2772,2772,37,37,9,9
2773,2773,19,37,3,8
2774,2774,1,1,4,4
2775,2775,12,1,5,10
2776,2776,38,37,9,5
2777,2777,19,37,9,9
2778,2778,3,3,5,5
2779,2779,1,37,4,9
2780,2780,19,19,4,7
2781,2781,38,38,5,7
2782,2782,34,37,9,9
2783,2783,19,37,5,5
2784,2784,37,37,9,7
2785,2785,37,37,5,7
2786,2786,37,37,9,7
2787,2787,38,1,5,4
2788,2788,37,37,7,7
2789,2789,19,19,7,7
2790,2790,37,37,9,7
2791,2791,19,37,5,7
2792,2792,38,19,9,3
2793,2793,37,37,7,7
2794,2794,38,37,9,8
2795,2795,37,37,9,9
2796,2796,37,37,9,3
2797,2797,37,37,9,9
2798,2798,1,38,7,7
2799,2799,19,1,9,3
2800,2800,1,1,5,7
2801,2801,3,19,3,8
2802,2802,3,1,2,4
2803,2803,19,37,4,7
2804,2804,19,19,9,1
2805,2805,19,19,9,9
2806,2806,19,19,9,9
2807,2807,37,19,9,7
2808,2808,12,12,5,7
2809,2809,1,38,9,9
2810,2810,1,19,131,181
2811,2811,38,37,9,9
2812,2812,19,1,1,90
2813,2813,1,1,4,3
2814,2814,1,19,9,9
2815,2815,3,38,2,10
2816,2816,37,38,9,5
2817,2817,19,19,9,6
2818,2818,37,37,9,7
2819,2819,37,34,0,0
2820,2820,19,1,5,5
2821,2821,1,1,3,6
2822,2822,5,3,2,3
2823,2823,1,38,4,9
2824,2824,1,1,4,4
2825,2825,3,19,4,8
2826,2826,19,19,4,4
2827,2827,1,19,4,7
2828,2828,37,37,9,6
2829,2829,3,4,2,2
2830,2830,3,1,9,9
2831,2831,19,38,3,10
2832,2832,1,1,4,7
2833,2833,3,3,2,2
2834,2834,37,37,9,9
2835,2835,19,19,7,7
2836,2836,19,37,7,10
2837,2837,34,34,0,0
2838,2838,37,37,9,8
2839,2839,37,37,9,5
2840,2840,38,19,4,9
2841,2841,37,37,6,6
2842,2842,37,37,9,6
2843,2843,3,1,2,5
2844,2844,37,37,9,9
2845,2845,37,37,9,9
2846,2846,38,38,9,6
2847,2847,34,34,99,99
2848,2848,37,37,9,6
2849,2849,37,37,9,9
2850,2850,3,3,4,2
2851,2851,1,1,4,4
2852,2852,1,37,4,5
2853,2853,1,1,144,144
2854,2854,1,1,5,3
2855,2855,19,19,9,10
2856,2856,1,1,9,9
2857,2857,1,3,3,3
2858,2858,1,1,4,3
2859,2859,2,1,4,4
2860,2860,34,34,0,0
2861,2861,37,37,9,9
2862,2862,3,3,2,2
2863,2863,37,37,9,9
2864,2864,37,37,6,6
2865,2865,1,1,5,5
2866,2866,37,37,9,9
2867,2867,3,19,90,90
2868,2868,37,37,9,9
2869,2869,37,37,9,10
2870,2870,37,37,9,9
2871,2871,3,3,2,2
2872,2872,37,37,9,6
2873,2873,38,37,5,6
2874,2874,37,37,4,9
2875,2875,37,34,90,90
2876,2876,1,37,9,10
2877,2877,3,3,4,4
2878,2878,37,37,9,7
2879,2879,37,37,4,7
2880,2880,38,37,5,7
2881,2881,37,37,9,7
2882,2882,19,19,5,5
2883,2883,37,37,9,9
2884,2884,37,37,9,9
2885,2885,37,37,6,6
2886,2886,37,37,5,7
2887,2887,37,37,9,9
2888,2888,19,37,9,9
2889,2889,37,37,9,7
2890,2890,38,19,9,6
2891,2891,34,34,0,0
2892,2892,3,1,3,9
2893,2893,1,19,4,7
2894,2894,34,34,0,0
2895,2895,38,37,9,9
2896,2896,37,37,9,9
2897,2897,37,37,6,6
2898,2898,3,3,2,2
2899,2899,3,19,3,8
2900,2900,2,1,3,3
2901,2901,37,37,9,8
2902,2902,19,19,4,4
2903,2903,38,38,9,9
2904,2904,1,1,3,3
2905,2905,37,37,9,7
2906,2906,3,1,2,3
2907,2907,37,38,7,5
2908,2908,1,37,4,9
2909,2909,37,37,90,90
2910,2910,1,19,3,9
2911,2911,1,1,3,3
2912,2912,19,19,4,4
2913,2913,34,34,99,99
2914,2914,22,30,0,8
2915,2915,37,37,9,9
2916,2916,37,37,9,9
2917,2917,37,37,9,9
2918,2918,38,38,7,7
2919,2919,37,37,9,9
2920,2920,19,1,9,9
2921,2921,19,19,4,7
2922,2922,19,37,4,5
2923,2923,37,37,4,4
2924,2924,34,34,0,0
2925,2925,19,37,6,6
2926,2926,37,37,9,7
2927,2927,1,3,4,6
2928,2928,19,37,9,7
2929,2929,37,37,9,3
2930,2930,1,1,4,4
2931,2931,37,34,90,90
2932,2932,6,6,0,4
2933,2933,37,37,6,6
2934,2934,19,19,9,9
2935,2935,34,34,0,0
2936,2936,34,34,90,90
2937,2937,29,10,6,6
2938,2938,34,34,0,0
2939,2939,37,37,9,3
2940,2940,37,37,6,5
2941,2941,37,37,9,9
2942,2942,1,3,9,2
2943,2943,40,1,2,4
2944,2944,19,19,9,1
2945,2945,4,3,2,3
2946,2946,37,19,9,5
2947,2947,3,37,2,7
2948,2948,4,1,3,10
2949,2949,1,19,5,5
2950,2950,3,3,4,2
2951,2951,19,38,5,5
2952,2952,1,1,4,8
2953,2953,37,37,9,9
2954,2954,37,37,9,9
2955,2955,37,37,9,9
2956,2956,37,37,9,9
2957,2957,37,37,9,5
2958,2958,37,37,9,9
2959,2959,37,19,3,7
2960,2960,2,2,2,2
2961,2961,1,1,9,1
2962,2962,19,37,9,9
2963,2963,1,1,3,4
2964,2964,1,3,4,9
2965,2965,19,19,9,9
2966,2966,1,3,7,3
2967,2967,3,3,3,3
2968,2968,4,1,2,1
2969,2969,35,37,90,90
2970,2970,19,3,4,2
2971,2971,19,19,4,5
2972,2972,19,1,9,5
2973,2973,1,1,4,4
2974,2974,37,37,9,9
2975,2975,1,19,123,103
2976,2976,3,3,1,1
2977,2977,1,19,9,9
2978,2978,1,3,3,2
2979,2979,5,3,5,7
2980,2980,3,2,1,1
2981,2981,37,19,5,7
2982,2982,19,37,9,9
2983,2983,3,19,5,5
2984,2984,19,19,4,5
2985,2985,1,19,2,9
2986,2986,37,19,9,9
2987,2987,19,1,5,4
2988,2988,34,34,0,0
2989,2989,3,3,3,3
2990,2990,38,19,9,7
2991,2991,19,19,9,9
2992,2992,37,37,3,3
2993,2993,3,3,3,2
2994,2994,37,37,5,6
2995,2995,1,38,9,8
2996,2996,1,1,5,5
2997,2997,19,1,0,5
2998,2998,3,3,2,2
2999,2999,3,19,4,8
3000,3000,19,19,90,90
3001,3001,3,19,2,5
3002,3002,4,1,2,10
3003,3003,3,1,5,3
3004,3004,19,19,9,4
3005,3005,37,38,9,9
3006,3006,19,38,7,7
3007,3007,1,19,4,5
3008,3008,1,38,4,5
3009,3009,40,19,2,9
3010,3010,1,12,3,6
3011,3011,3,2,2,3
3012,3012,2,2,6,6
3013,3013,37,37,9,9
3014,3014,1,1,3,3
3015,3015,1,37,7,7
3016,3016,38,1,5,6
3017,3017,1,19,4,8
3018,3018,3,3,1,5
3019,3019,37,37,9,9
3020,3020,3,3,1,2
3021,3021,19,9,5,3
3022,3022,3,1,2,3
3023,3023,38,19,4,10
3024,3024,38,19,9,9
3025,3025,19,37,9,7
3026,3026,1,1,4,9
3027,3027,3,19,2,3
3028,3028,41,1,4,3
3029,3029,37,37,9,6
3030,3030,37,37,9,9
3031,3031,37,37,9,9
3032,3032,38,3,5,2
3033,3033,19,1,5,5
3034,3034,40,38,2,9
3035,3035,3,4,2,2
3036,3036,12,1,4,4
3037,3037,3,3,2,2
3038,3038,1,1,9,10
3039,3039,38,19,9,9
3040,3040,38,38,9,9
3041,3041,1,19,9,9
3042,3042,19,1,9,4
3043,3043,1,37,7,7
3044,3044,3,3,3,3
3045,3045,1,37,9,7
3046,3046,1,1,3,9
3047,3047,1,1,9,7
3048,3048,37,37,0,90
3049,3049,1,19,3,3
3050,3050,38,37,5,7
3051,3051,37,37,9,6
3052,3052,3,38,2,5
3053,3053,37,37,9,9
3054,3054,38,19,0,90
3055,3055,38,38,9,6
3056,3056,19,38,9,6
3057,3057,19,19,9,6
3058,3058,34,34,0,0
3059,3059,38,19,8,7
3060,3060,19,37,9,9
3061,3061,19,19,5,6
3062,3062,12,37,9,9
3063,3063,19,1,4,4
3064,3064,19,19,171,163
3065,3065,38,1,7,7
3066,3066,19,19,9,7
3067,3067,1,1,4,10
3068,3068,2,3,5,2
3069,3069,37,37,9,8
3070,3070,37,37,10,9
3071,3071,1,19,5,5
3072,3072,1,1,4,4
3073,3073,1,19,4,5
3074,3074,19,37,9,4
3075,3075,37,37,9,9
3076,3076,4,2,123,112
3077,3077,1,1,4,4
3078,3078,1,1,9,2
3079,3079,1,37,4,9
3080,3080,12,38,4,8
3081,3081,19,38,5,5
3082,3082,19,37,3,5
3083,3083,38,38,7,5
3084,3084,3,19,2,9
3085,3085,37,19,9,3
3086,3086,19,1,9,9
3087,3087,37,37,9,9
3088,3088,19,12,4,4
3089,3089,37,38,9,9
3090,3090,37,37,9,7
3091,3091,37,37,9,9
3092,3092,38,38,9,7
3093,3093,38,19,6,10
3094,3094,29,38,90,3
3095,3095,19,19,7,7
3096,3096,19,38,9,9
3097,3097,38,38,9,9
3098,3098,38,19,9,9
3099,3099,37,37,9,9
3100,3100,19,37,4,7
3101,3101,38,19,3,10
3102,3102,1,1,4,5
3103,3103,37,37,9,9
3104,3104,37,37,9,9
3105,3105,19,19,4,7
3106,3106,19,19,1,4
3107,3107,1,38,4,5
3108,3108,1,19,9,10
3109,3109,38,1,4,5
3110,3110,1,38,3,9
3111,3111,1,1,1,4
3112,3112,4,4,4,4
3113,3113,1,1,4,4
3114,3114,3,38,2,9
3115,3115,1,19,9,7
3116,3116,19,38,5,8
3117,3117,37,37,7,9
3118,3118,19,19,9,7
3119,3119,19,19,3,10
3120,3120,38,37,1,1
3121,3121,37,37,6,3
3122,3122,37,38,7,9
3123,3123,19,30,7,7
3124,3124,38,38,9,9
3125,3125,19,37,7,7
3126,3126,34,34,0,0
3127,3127,37,19,9,8
3128,3128,19,19,9,5
3129,3129,1,37,4,9
3130,3130,1,38,4,9
3131,3131,3,1,3,4
3132,3132,38,38,9,8
3133,3133,3,1,2,4
3134,3134,1,1,4,4
3135,3135,2,38,2,10
3136,3136,1,40,4,3
3137,3137,38,37,9,7
3138,3138,2,3,4,7
3139,3139,19,19,4,3
3140,3140,19,38,2,7
3141,3141,19,1,9,10
3142,3142,1,19,4,5
3143,3143,38,38,2,9
3144,3144,37,37,9,9
3145,3145,37,38,9,8
3146,3146,37,37,9,7
3147,3147,3,1,5,5
3148,3148,1,1,3,4
3149,3149,38,19,7,7
3150,3150,37,37,4,10
3151,3151,1,1,9,9
3152,3152,3,1,4,4
3153,3153,2,1,123,135
3154,3154,3,3,2,2
3155,3155,1,1,3,8
3156,3156,37,37,9,9
3157,3157,1,38,4,7
3158,3158,19,19,5,5
3159,3159,1,1,4,4
3160,3160,19,19,9,9
3161,3161,38,19,9,9
3162,3162,1,1,9,9
3163,3163,19,38,9,9
3164,3164,1,38,5,7
3165,3165,19,37,9,9
3166,3166,1,1,2,7
3167,3167,3,1,2,3
3168,3168,19,38,9,8
3169,3169,1,1,4,2
3170,3170,1,37,8,7
3171,3171,1,37,4,8
3172,3172,1,3,9,2
3173,3173,12,38,5,7
3174,3174,38,19,9,6
3175,3175,19,37,5,7
3176,3176,38,1,9,5
3177,3177,19,19,9,5
3178,3178,38,38,9,9
3179,3179,3,19,3,10
3180,3180,19,38,9,7
3181,3181,3,3,3,3
3182,3182,19,3,9,2
3183,3183,34,34,0,0
3184,3184,37,3,9,3
3185,3185,1,38,5,9
3186,3186,19,1,9,7
3187,3187,12,36,90,90
3188,3188,19,19,4,5
3189,3189,19,38,4,4
3190,3190,37,37,3,5
3191,3191,19,19,9,5
3192,3192,19,37,9,9
3193,3193,1,38,4,5
3194,3194,3,2,3,1
3195,3195,38,3,5,3
3196,3196,1,1,2,5
3197,3197,1,3,4,2
3198,3198,1,19,1,6
3199,3199,19,19,3,3
3200,3200,1,1,9,9
3201,3201,19,38,8,8
3202,3202,1,3,4,1
3203,3203,5,3,4,4
3204,3204,3,3,2,3
3205,3205,38,1,4,4
3206,3206,37,37,7,9
3207,3207,5,1,1,5
3208,3208,2,3,3,3
3209,3209,1,38,4,6
3210,3210,38,19,5,5
3211,3211,3,3,6,2
3212,3212,2,2,3,2
3213,3213,3,2,4,5
3214,3214,3,19,2,6
3215,3215,3,3,2,2
3216,3216,3,1,2,2
3217,3217,3,3,2,2
3218,3218,37,37,90,90
3219,3219,37,37,9,9
3220,3220,1,37,9,8
3221,3221,37,37,8,8
3222,3222,37,38,9,9
3223,3223,19,38,9,7
3224,3224,38,3,9,3
3225,3225,19,37,7,9
3226,3226,37,37,9,10
3227,3227,19,38,9,9
3228,3228,19,38,194,193
3229,3229,38,38,9,8
3230,3230,38,38,5,5
3231,3231,38,1,9,4
3232,3232,37,37,9,9
3233,3233,19,38,3,9
3234,3234,37,38,9,9
3235,3235,1,1,4,3
3236,3236,37,37,9,7
3237,3237,1,19,4,9
3238,3238,37,19,9,9
3239,3239,1,1,4,4
3240,3240,3,1,4,9
3241,3241,37,37,9,9
3242,3242,37,37,9,9
3243,3243,37,37,9,9
3244,3244,37,19,7,7
3245,3245,38,38,5,7
3246,3246,1,1,4,8
3247,3247,2,3,2,2
3248,3248,1,38,4,7
3249,3249,37,38,5,5
3250,3250,38,37,5,5
3251,3251,37,37,9,9
3252,3252,38,37,6,7
3253,3253,1,29,4,90
3254,3254,1,3,9,2
3255,3255,3,3,4,2
3256,3256,1,14,4,5
3257,3257,38,38,9,7
3258,3258,37,19,9,4
3259,3259,19,1,9,3
3260,3260,37,37,9,9
3261,3261,2,1,4,10
3262,3262,1,38,3,8
3263,3263,12,5,9,4
3264,3264,37,1,9,9
3265,3265,19,19,7,7
3266,3266,1,38,144,181
3267,3267,3,1,3,1
3268,3268,38,19,9,5
3269,3269,37,38,9,8
3270,3270,34,34,0,0
3271,3271,37,37,9,9
3272,3272,38,38,9,9
3273,3273,37,37,9,9
3274,3274,37,37,9,6
3275,3275,37,37,9,9
3276,3276,37,37,9,9
3277,3277,19,19,9,9
3278,3278,38,38,9,9
3279,3279,3,37,3,3
3280,3280,37,37,9,8
3281,3281,1,1,7,7
3282,3282,35,35,90,90
3283,3283,19,19,175,152
3284,3284,38,36,9,9
3285,3285,37,37,9,6
3286,3286,37,37,5,5
3287,3287,38,19,9,9
3288,3288,38,19,0,1
3289,3289,1,37,4,6
3290,3290,37,37,9,7
3291,3291,1,1,5,5
3292,3292,37,37,9,7
3293,3293,37,37,0,0
3294,3294,19,3,9,5
3295,3295,38,19,9,10
3296,3296,19,1,5,10
3297,3297,37,37,7,7
3298,3298,19,19,3,7
3299,3299,1,38,9,7
3300,3300,38,19,7,7
3301,3301,19,19,5,1
3302,3302,19,1,9,7
3303,3303,37,37,9,8
3304,3304,38,37,9,9
3305,3305,1,37,9,7
3306,3306,1,1,3,5
3307,3307,38,37,9,3
3308,3308,19,37,5,3
3309,3309,19,19,1,4
3310,3310,19,19,9,7
3311,3311,19,19,9,7
3312,3312,40,40,3,7
3313,3313,37,19,3,7
3314,3314,1,1,9,10
3315,3315,3,19,1,1
3316,3316,37,19,9,9
3317,3317,19,19,1,1
3318,3318,1,1,4,9
3319,3319,37,37,9,9
3320,3320,1,1,3,1
3321,3321,1,37,5,9
3322,3322,38,37,7,7
3323,3323,19,1,0,4
3324,3324,3,1,3,3
3325,3325,12,3,5,2
3326,3326,1,3,2,2
3327,3327,37,37,9,9
3328,3328,1,3,4,1
3329,3329,37,37,9,9
3330,3330,1,1,4,4
3331,3331,1,19,9,9
3332,3332,12,19,9,9
3333,3333,1,1,9,9
3334,3334,34,34,0,0
3335,3335,38,38,9,9
3336,3336,3,1,2,7
3337,3337,19,19,4,4
3338,3338,34,34,99,99
3339,3339,37,36,90,7
3340,3340,1,1,4,3
3341,3341,34,1,5,10
3342,3342,1,1,4,8
3343,3343,3,19,4,4
3344,3344,37,37,9,6
3345,3345,40,1,5,6
3346,3346,37,38,9,8
3347,3347,37,37,9,8
3348,3348,37,37,9,9
3349,3349,38,37,9,4
3350,3350,2,1,3,10
3351,3351,3,1,2,9
3352,3352,37,37,4,7
3353,3353,1,12,4,3
3354,3354,38,1,5,7
3355,3355,38,37,9,9
3356,3356,38,19,4,1
3357,3357,3,19,3,4
3358,3358,3,3,1,2
3359,3359,1,19,3,3
3360,3360,1,37,9,9
3361,3361,1,1,4,7
3362,3362,19,1,9,9
3363,3363,1,1,9,7
3364,3364,3,37,2,5
3365,3365,34,34,0,0
3366,3366,34,37,5,5
3367,3367,37,37,9,3
3368,3368,19,38,9,3
3369,3369,19,37,9,9
3370,3370,1,1,9,10
3371,3371,37,37,9,9
3372,3372,37,1,5,4
3373,3373,1,19,9,9
3374,3374,37,37,9,7
3375,3375,19,38,9,7
3376,3376,38,38,6,6
3377,3377,19,37,9,9
3378,3378,38,38,3,7
3379,3379,19,37,9,9
3380,3380,19,19,9,3
3381,3381,19,19,9,8
3382,3382,34,34,0,0
3383,3383,37,38,9,8
3384,3384,19,1,5,5
3385,3385,37,37,9,9
3386,3386,19,38,7,7
3387,3387,3,1,4,3
3388,3388,38,38,4,9
3389,3389,1,1,9,5
3390,3390,19,37,5,5
3391,3391,38,38,9,9
3392,3392,19,19,4,9
3393,3393,1,1,9,9
3394,3394,37,38,9,9
3395,3395,38,19,3,7
3396,3396,19,37,4,9
3397,3397,3,19,2,9
3398,3398,37,37,9,7
3399,3399,1,19,4,4
3400,3400,38,19,5,5
3401,3401,38,38,9,9
3402,3402,37,19,7,7
3403,3403,19,38,9,5
3404,3404,19,19,9,7
3405,3405,37,37,9,9
3406,3406,3,3,3,3
3407,3407,19,37,9,9
3408,3408,1,19,9,3
3409,3409,1,1,4,5
3410,3410,19,38,3,5
3411,3411,1,12,4,4
3412,3412,38,37,9,5
3413,3413,38,38,7,5
3414,3414,1,19,4,7
3415,3415,1,19,7,8
3416,3416,3,38,2,9
3417,3417,3,3,2,5
3418,3418,38,19,3,3
3419,3419,38,37,9,9
3420,3420,19,38,4,9
3421,3421,1,1,9,4
3422,3422,37,38,9,6
3423,3423,1,38,5,8
3424,3424,3,1,1,10
3425,3425,9,19,4,1
3426,3426,37,37,9,9
3427,3427,38,38,5,5
3428,3428,19,1,4,3
3429,3429,37,37,9,9
3430,3430,37,37,9,9
3431,3431,19,19,153,153
3432,3432,1,1,4,4
3433,3433,38,38,9,7
3434,3434,19,37,4,9
3435,3435,1,38,8,8
3436,3436,1,1,4,7
3437,3437,1,38,4,7
3438,3438,37,37,9,8
3439,3439,37,37,3,7
3440,3440,37,38,9,8
3441,3441,1,38,4,9
3442,3442,38,19,4,8
3443,3443,37,19,9,7
3444,3444,1,19,9,9
3445,3445,1,19,3,3
3446,3446,19,1,9,5
3447,3447,3,3,2,1
3448,3448,1,19,5,8
3449,3449,19,37,9,6
3450,3450,3,3,2,2
3451,3451,37,37,9,9
3452,3452,19,19,5,6
3453,3453,1,1,4,4
3454,3454,37,38,9,9
3455,3455,37,37,9,9
3456,3456,19,1,6,5
3457,3457,37,37,9,9
3458,3458,37,38,9,7
3459,3459,4,3,1,1
3460,3460,37,37,9,9
3461,3461,38,37,9,7
3462,3462,37,37,9,9
3463,3463,37,37,7,7
3464,3464,1,37,9,9
3465,3465,3,1,4,4
3466,3466,37,37,9,9
3467,3467,38,19,3,10
3468,3468,19,19,3,4
3469,3469,37,37,9,9
3470,3470,37,37,7,7
3471,3471,38,19,7,9
3472,3472,38,19,0,10
3473,3473,37,37,9,9
3474,3474,34,34,0,0
3475,3475,38,19,5,3
3476,3476,38,38,191,174
3477,3477,1,37,4,9
3478,3478,37,37,9,9
3479,3479,38,1,9,3
3480,3480,38,37,9,7
3481,3481,37,37,9,7
3482,3482,37,37,9,9
3483,3483,37,37,9,10
3484,3484,37,37,9,9
3485,3485,37,37,7,7
3486,3486,19,38,9,9
3487,3487,19,1,9,9
3488,3488,1,1,0,0
3489,3489,1,1,4,10
3490,3490,1,1,3,3
3491,3491,37,37,9,9
3492,3492,37,37,9,9
3493,3493,38,38,7,8
3494,3494,37,37,9,9
3495,3495,37,38,5,8
3496,3496,38,19,9,7
3497,3497,37,37,5,8
3498,3498,37,37,7,8
3499,3499,38,38,5,7
3500,3500,1,37,191,193
3501,3501,1,19,9,9
3502,3502,37,37,9,10
3503,3503,37,12,9,9
3504,3504,1,3,9,6
3505,3505,1,1,5,9
3506,3506,37,37,5,7
3507,3507,37,37,5,1
3508,3508,1,1,4,9
3509,3509,19,19,9,7
3510,3510,1,1,9,9
3511,3511,1,1,4,3
3512,3512,1,19,4,7
3513,3513,19,19,1,1
3514,3514,37,37,9,7
3515,3515,11,11,90,4
3516,3516,1,1,4,5
3517,3517,3,12,2,9
3518,3518,38,38,9,9
3519,3519,2,2,134,112
3520,3520,37,37,9,9
3521,3521,3,3,2,1
3522,3522,37,37,7,9
3523,3523,1,1,9,8
3524,3524,3,3,4,4
3525,3525,1,4,4,2
3526,3526,19,38,6,7
3527,3527,1,3,4,2
3528,3528,2,4,4,5
3529,3529,1,19,9,8
3530,3530,12,1,4,10
3531,3531,3,1,2,3
3532,3532,3,1,2,6
3533,3533,1,38,4,7
3534,3534,34,34,0,0
3535,3535,34,34,0,0
3536,3536,1,4,4,10
3537,3537,37,37,9,9
3538,3538,38,19,4,10
3539,3539,19,37,5,5
3540,3540,1,19,3,9
3541,3541,1,3,4,2
3542,3542,38,37,9,9
3543,3543,37,38,9,4
3544,3544,19,38,4,8
3545,3545,37,37,9,9
3546,3546,19,37,4,9
3547,3547,19,38,9,6
3548,3548,34,34,0,0
3549,3549,37,37,9,9
3550,3550,2,19,3,9
3551,3551,38,19,194,193
3552,3552,37,37,9,9
3553,3553,37,37,5,3
3554,3554,19,37,9,9
3555,3555,37,38,3,3
3556,3556,38,38,4,1
3557,3557,37,37,5,7
3558,3558,1,1,9,4
3559,3559,4,19,2,10
3560,3560,2,1,2,4
3561,3561,19,19,4,4
3562,3562,1,37,5,5
3563,3563,34,34,99,99
3564,3564,3,38,2,3
3565,3565,19,3,3,4
3566,3566,1,3,1,2
3567,3567,37,37,6,6
3568,3568,19,19,7,3
3569,3569,1,19,9,9
3570,3570,3,1,2,5
3571,3571,1,19,144,144
3572,3572,1,38,4,5
3573,3573,12,12,9,9
3574,3574,19,19,9,9
3575,3575,1,38,9,9
3576,3576,4,3,3,3
3577,3577,1,1,3,3
3578,3578,19,19,9,9
3579,3579,1,3,5,5
3580,3580,3,37,4,7
3581,3581,19,1,9,8
3582,3582,19,19,193,144
3583,3583,38,37,9,9
3584,3584,37,38,9,9
3585,3585,3,19,4,7
3586,3586,19,37,9,9
3587,3587,1,2,9,2
3588,3588,1,2,9,2
3589,3589,38,37,9,8
3590,3590,1,3,4,2
3591,3591,1,1,5,3
3592,3592,3,1,2,7
3593,3593,27,37,3,3
3594,3594,19,38,8,3
3595,3595,2,3,9,1
3596,3596,19,38,9,10
3597,3597,19,1,1,1
3598,3598,19,38,4,5
3599,3599,37,37,9,3
3600,3600,4,19,2,1
3601,3601,1,4,9,5
3602,3602,2,1,3,3
3603,3603,19,19,9,7
3604,3604,1,19,141,193
3605,3605,19,1,9,9
3606,3606,3,1,2,4
3607,3607,1,1,4,4
3608,3608,19,19,9,4
3609,3609,19,1,5,4
3610,3610,1,37,9,9
3611,3611,38,19,9,5
3612,3612,1,1,4,4
3613,3613,19,37,5,7
3614,3614,1,12,3,3
3615,3615,2,2,2,2
3616,3616,19,1,5,4
3617,3617,19,19,9,8
3618,3618,19,38,9,7
3619,3619,1,1,7,7
3620,3620,19,37,9,9
3621,3621,37,37,9,9
3622,3622,1,19,3,3
3623,3623,19,37,9,9
3624,3624,3,19,2,4
3625,3625,3,19,2,4
3626,3626,19,38,7,5
3627,3627,34,34,0,0
3628,3628,1,19,4,4
3629,3629,3,37,9,9
3630,3630,19,19,9,8
3631,3631,19,1,9,3
3632,3632,38,19,7,7
3633,3633,37,19,191,102
3634,3634,37,37,4,6
3635,3635,3,38,4,6
3636,3636,37,1,9,4
3637,3637,3,19,2,3
3638,3638,38,19,9,9
3639,3639,38,38,5,5
3640,3640,1,19,4,4
3641,3641,19,38,4,4
3642,3642,37,37,6,6
3643,3643,19,1,1,1
3644,3644,1,37,4,9
3645,3645,38,37,8,8
3646,3646,41,1,2,3
3647,3647,3,3,4,2
3648,3648,37,37,8,6
3649,3649,19,38,5,5
3650,3650,37,37,9,8
3651,3651,1,38,3,9
3652,3652,19,3,7,10
3653,3653,38,37,9,9
3654,3654,1,19,9,9
3655,3655,1,19,4,10
3656,3656,1,1,3,5
3657,3657,1,19,4,10
3658,3658,37,3,9,2
3659,3659,19,37,5,8
3660,3660,38,1,5,5
3661,3661,19,1,7,10
3662,3662,3,3,123,122
3663,3663,38,38,9,10
3664,3664,38,37,9,8
3665,3665,12,37,5,9
3666,3666,37,37,9,4
3667,3667,37,25,0,4
3668,3668,34,34,99,99
3669,3669,19,19,9,9
3670,3670,3,3,2,2
3671,3671,1,3,4,4
3672,3672,37,37,9,9
3673,3673,19,37,4,7
3674,3674,19,19,144,141
3675,3675,1,1,3,5
3676,3676,38,19,9,3
3677,3677,37,19,9,7
3678,3678,19,38,5,0
3679,3679,1,19,141,114
3680,3680,19,19,3,3
3681,3681,37,38,9,9
3682,3682,19,19,9,9
3683,3683,37,37,9,9
3684,3684,19,2,5,5
3685,3685,37,37,9,7
3686,3686,1,1,4,10
3687,3687,34,34,0,0
3688,3688,19,38,9,7
3689,3689,19,38,9,10
3690,3690,1,1,1,1
3691,3691,19,1,9,4
3692,3692,19,1,4,5
3693,3693,38,37,7,7
3694,3694,19,37,9,7
3695,3695,1,1,9,9
3696,3696,19,37,9,9
3697,3697,37,37,9,9
3698,3698,1,1,4,10
3699,3699,38,38,5,10
3700,3700,3,1,2,5
3701,3701,38,37,5,5
3702,3702,34,34,99,99
3703,3703,1,1,4,2
3704,3704,37,37,9,9
3705,3705,37,38,4,1
3706,3706,1,19,9,6
3707,3707,38,1,5,5
3708,3708,37,37,5,10
3709,3709,1,1,9,10
3710,3710,1,19,5,3
3711,3711,38,38,151,151
3712,3712,19,38,9,9
3713,3713,1,19,4,7
3714,3714,37,37,1,1
3715,3715,37,1,9,3
3716,3716,37,1,5,3
3717,3717,4,4,2,10
3718,3718,37,37,9,9
3719,3719,1,38,1,7
3720,3720,19,37,5,8
3721,3721,1,3,144,123
3722,3722,37,37,7,7
3723,3723,19,1,9,1
3724,3724,1,1,4,4
3725,3725,1,1,9,9
3726,3726,1,1,3,10
3727,3727,37,37,5,5
3728,3728,38,1,9,7
3729,3729,19,38,9,10
3730,3730,38,38,4,8
3731,3731,1,38,7,7
3732,3732,38,38,9,9
3733,3733,4,3,1,1
3734,3734,37,37,7,7
3735,3735,19,1,9,5
3736,3736,38,37,9,9
3737,3737,19,37,9,9
3738,3738,3,1,2,4
3739,3739,3,1,9,3
3740,3740,37,37,9,7
3741,3741,3,1,3,10
3742,3742,37,19,9,3
3743,3743,19,38,7,9
3744,3744,3,3,4,2
3745,3745,12,1,4,0
3746,3746,3,1,4,3
3747,3747,1,1,4,4
3748,3748,39,3,3,2
3749,3749,1,19,4,5
3750,3750,3,19,1,5
3751,3751,38,38,7,7
3752,3752,3,1,2,10
3753,3753,1,1,9,4
3754,3754,37,37,9,9
3755,3755,19,37,7,90
3756,3756,3,1,3,4
3757,3757,37,37,9,9
3758,3758,1,3,4,3
3759,3759,1,1,4,3
3760,3760,38,37,6,7
3761,3761,37,37,9,9
3762,3762,1,1,4,10
3763,3763,19,38,5,7
3764,3764,1,19,4,9
3765,3765,19,38,3,7
3766,3766,37,38,6,6
3767,3767,38,37,9,7
3768,3768,37,1,9,8
3769,3769,3,3,2,2
3770,3770,1,1,4,4
3771,3771,1,19,4,8
3772,3772,1,1,4,3
3773,3773,1,38,9,7
3774,3774,37,37,9,9
3775,3775,1,19,4,7
3776,3776,37,37,4,9
3777,3777,3,1,2,6
3778,3778,19,2,7,3
3779,3779,1,1,4,4
3780,3780,2,3,3,2
3781,3781,3,3,1,1
3782,3782,1,38,4,7
3783,3783,1,19,5,5
3784,3784,1,19,4,4
3785,3785,37,19,9,3
3786,3786,1,38,4,9
3787,3787,1,1,2,3
3788,3788,38,38,9,8
3789,3789,3,1,4,6
3790,3790,1,44,4,2
3791,3791,19,19,4,7
3792,3792,3,1,3,6
3793,3793,19,1,90,3
3794,3794,19,38,5,7
3795,3795,19,19,7,9
3796,3796,4,38,2,7
3797,3797,1,19,4,4
3798,3798,3,19,1,7
3799,3799,19,38,9,9
3800,3800,1,39,5,3
3801,3801,34,19,0,3
3802,3802,37,37,6,6
3803,3803,38,37,9,9
3804,3804,34,34,0,0
3805,3805,1,19,5,5
3806,3806,37,37,9,9
3807,3807,34,37,5,7
3808,3808,34,34,0,0
3809,3809,34,34,0,0
3810,3810,34,34,0,0
3811,3811,37,37,9,7
3812,3812,37,37,9,8
3813,3813,37,37,9,6
3814,3814,19,19,9,4
3815,3815,14,14,90,90
3816,3816,19,3,3,2
3817,3817,19,19,9,9
3818,3818,38,37,5,9
3819,3819,19,37,6,6
3820,3820,3,19,3,5
3821,3821,4,4,4,2
3822,3822,1,38,5,6
3823,3823,37,37,5,5
3824,3824,38,19,9,9
3825,3825,1,38,4,3
3826,3826,1,38,7,8
3827,3827,37,37,9,4
3828,3828,37,37,9,6
3829,3829,12,1,4,10
3830,3830,38,38,4,9
3831,3831,1,1,4,4
3832,3832,37,37,9,9
3833,3833,37,37,9,9
3834,3834,38,19,8,10
3835,3835,1,19,4,4
3836,3836,2,2,1,4
3837,3837,1,3,9,3
3838,3838,3,38,1,9
3839,3839,38,1,9,8
3840,3840,37,37,9,9
3841,3841,37,37,9,9
3842,3842,19,38,7,7
3843,3843,3,1,2,8
3844,3844,37,37,9,9
3845,3845,6,11,4,5
3846,3846,34,34,99,99
3847,3847,37,38,9,5
3848,3848,1,33,3,3
3849,3849,37,37,6,6
3850,3850,19,38,9,7
3851,3851,37,19,9,9
3852,3852,37,37,4,9
3853,3853,37,37,5,9
3854,3854,37,37,9,9
3855,3855,37,29,0,4
3856,3856,3,12,2,9
3857,3857,37,37,9,9
3858,3858,38,19,9,10
3859,3859,38,19,0,2
3860,3860,37,19,3,10
3861,3861,37,19,9,7
3862,3862,38,38,6,7
3863,3863,19,38,9,9
3864,3864,38,19,9,7
3865,3865,3,19,4,6
3866,3866,1,1,4,5
3867,3867,37,37,7,7
3868,3868,19,19,4,9
3869,3869,1,19,3,10
3870,3870,1,1,4,4
3871,3871,1,37,4,5
3872,3872,38,38,9,9
3873,3873,1,19,4,10
3874,3874,19,19,3,3
3875,3875,1,1,90,1
3876,3876,34,34,0,0
3877,3877,1,1,4,10
3878,3878,1,1,4,3
3879,3879,38,37,5,9
3880,3880,37,37,9,9
3881,3881,19,12,7,3
3882,3882,1,19,5,7
3883,3883,37,38,9,9
3884,3884,37,37,9,9
3885,3885,1,37,9,5
3886,3886,38,38,9,7
3887,3887,19,19,7,8
3888,3888,19,38,9,9
3889,3889,38,38,5,3
3890,3890,1,38,3,8
3891,3891,1,19,141,182
3892,3892,1,1,9,9
3893,3893,1,1,5,7
3894,3894,37,37,90,90
3895,3895,1,1,9,6
3896,3896,38,37,9,7
3897,3897,19,1,5,5
3898,3898,38,1,9,6
3899,3899,37,37,4,7
3900,3900,37,37,9,9
3901,3901,37,38,9,9
3902,3902,37,37,9,6
3903,3903,37,37,6,10
3904,3904,38,37,4,7
3905,3905,38,37,9,5
3906,3906,37,37,9,8
3907,3907,37,37,9,9
3908,3908,3,38,1,5
3909,3909,38,38,9,7
3910,3910,37,37,90,90
3911,3911,19,19,4,4
3912,3912,37,19,9,10
3913,3913,1,19,9,6
3914,3914,26,30,0,5
3915,3915,37,19,9,4
3916,3916,37,37,9,6
3917,3917,38,37,6,6
3918,3918,19,12,9,7
3919,3919,37,37,10,6
3920,3920,1,1,4,3
3921,3921,38,1,9,5
3922,3922,38,19,5,7
3923,3923,19,19,5,5
3924,3924,37,37,5,5
3925,3925,19,19,5,4
3926,3926,1,5,9,10
3927,3927,19,1,4,3
3928,3928,38,37,5,3
3929,3929,19,37,5,5
3930,3930,19,19,9,6
3931,3931,1,1,5,9
3932,3932,3,1,4,9
3933,3933,19,19,7,3
3934,3934,19,19,9,9
3935,3935,38,38,9,9
3936,3936,38,37,5,5
3937,3937,37,37,9,9
3938,3938,19,19,9,9
3939,3939,19,1,5,5
3940,3940,3,1,5,10
3941,3941,37,37,5,5
3942,3942,19,4,9,4
3943,3943,3,3,2,2
3944,3944,1,1,4,8
3945,3945,1,1,4,8
3946,3946,37,37,9,8
3947,3947,3,1,2,6
3948,3948,38,37,3,7
3949,3949,37,19,9,4
3950,3950,1,19,9,10
3951,3951,37,37,9,9
3952,3952,6,27,1,7
3953,3953,1,19,9,4
3954,3954,37,11,90,90
3955,3955,3,2,2,1
3956,3956,1,19,4,10
3957,3957,38,19,9,10
3958,3958,37,38,7,9
3959,3959,19,19,3,10
3960,3960,38,37,4,4
3961,3961,37,37,9,9
3962,3962,37,1,9,4
3963,3963,37,37,4,3
3964,3964,19,38,5,5
3965,3965,19,19,4,5
3966,3966,19,19,5,5
3967,3967,19,19,9,4
3968,3968,1,19,9,9
3969,3969,3,19,2,4
3970,3970,37,37,9,9
3971,3971,37,37,3,3
3972,3972,19,38,5,3
3973,3973,37,37,9,9
3974,3974,1,19,9,7
3975,3975,19,38,7,7
3976,3976,37,37,5,5
3977,3977,19,19,9,7
3978,3978,37,1,9,4
3979,3979,19,19,3,7
3980,3980,19,19,7,9
3981,3981,1,38,4,7
3982,3982,40,4,2,2
3983,3983,1,19,4,3
3984,3984,38,38,9,7
3985,3985,38,38,9,6
3986,3986,37,38,9,8
3987,3987,37,37,9,9
3988,3988,1,1,4,3
3989,3989,19,37,9,9
3990,3990,38,19,9,4
3991,3991,43,1,153,135
3992,3992,19,37,5,5
3993,3993,38,19,152,171
3994,3994,37,37,9,9
3995,3995,3,1,2,4
3996,3996,37,37,9,9
3997,3997,1,1,9,9
3998,3998,19,19,4,6
3999,3999,19,19,4,6
4000,4000,1,38,4,8
4001,4001,34,34,9,9
4002,4002,3,3,3,2
4003,4003,19,19,9,5
4004,4004,37,37,9,9
4005,4005,37,37,9,9
4006,4006,37,37,90,10
4007,4007,37,37,9,9
4008,4008,1,37,4,7
4009,4009,38,37,5,9
4010,4010,38,1,5,9
4011,4011,37,37,9,10
4012,4012,19,38,5,6
4013,4013,37,19,9,9
4014,4014,37,38,3,3
4015,4015,19,38,7,7
4016,4016,37,37,5,5
4017,4017,19,1,9,4
4018,4018,37,37,9,7
4019,4019,38,38,9,8
4020,4020,1,1,5,9
4021,4021,3,1,1,7
4022,4022,3,1,1,7
4023,4023,19,19,5,8
4024,4024,19,3,4,2
4025,4025,3,19,122,144
4026,4026,37,37,9,7
4027,4027,37,37,9,5
4028,4028,19,38,4,9
4029,4029,1,38,4,5
4030,4030,3,19,2,3
4031,4031,38,37,9,7
4032,4032,19,38,9,8
4033,4033,2,19,3,9
4034,4034,3,3,2,2
4035,4035,34,34,0,0
4036,4036,19,19,4,8
4037,4037,1,19,4,10
4038,4038,37,37,9,9
4039,4039,1,19,9,9
4040,4040,3,19,2,3
4041,4041,3,1,2,4
4042,4042,38,1,9,4
4043,4043,19,19,9,9
4044,4044,2,38,3,8
4045,4045,38,38,191,193
4046,4046,19,38,7,8
4047,4047,19,1,9,8
4048,4048,1,1,9,10
4049,4049,38,37,9,7
4050,4050,1,19,4,5
4051,4051,34,1,0,0
4052,4052,38,19,7,7
4053,4053,37,37,9,9
4054,4054,2,3,3,2
4055,4055,37,37,5,5
4056,4056,3,19,2,9
4057,4057,1,1,193,101
4058,4058,19,1,5,5
4059,4059,1,3,9,1
4060,4060,19,19,5,5
4061,4061,5,43,2,2
4062,4062,2,1,2,3
4063,4063,1,19,4,7
4064,4064,1,37,9,7
4065,4065,1,38,9,9
4066,4066,38,19,5,4
4067,4067,19,38,9,9
4068,4068,38,1,9,9
4069,4069,1,1,5,7
4070,4070,2,3,3,3
4071,4071,3,3,3,3
4072,4072,1,38,4,9
4073,4073,1,2,4,6
4074,4074,19,19,5,7
4075,4075,38,37,4,9
4076,4076,19,38,5,7
4077,4077,19,38,9,7
4078,4078,34,1,5,7
4079,4079,38,19,4,8
4080,4080,37,37,9,7
4081,4081,37,37,7,9
4082,4082,37,37,9,6
4083,4083,37,19,5,5
4084,4084,3,19,2,3
4085,4085,1,19,9,9
4086,4086,1,37,3,3
4087,4087,37,37,9,7
4088,4088,38,37,5,7
4089,4089,37,37,3,10
4090,4090,34,34,0,0
4091,4091,34,34,0,0
4092,4092,37,38,9,8
4093,4093,1,1,4,10
4094,4094,37,38,7,7
4095,4095,37,19,4,5
4096,4096,38,37,9,8
4097,4097,37,37,9,9
4098,4098,37,37,9,9
4099,4099,37,37,5,5
4100,4100,38,34,4,0
4101,4101,1,1,4,8
4102,4102,37,37,9,9
4103,4103,37,37,9,9
4104,4104,1,19,4,9
4105,4105,37,38,9,10
4106,4106,38,19,9,9
4107,4107,1,38,5,7
4108,4108,37,19,9,7
4109,4109,37,38,4,5
4110,4110,1,19,4,5
4111,4111,38,19,9,5
4112,4112,19,37,9,9
4113,4113,38,37,7,7
4114,4114,38,37,7,7
4115,4115,2,1,2,7
4116,4116,19,19,3,3
4117,4117,38,37,3,9
4118,4118,1,37,9,9
4119,4119,2,1,4,3
4120,4120,1,38,4,10
4121,4121,19,1,5,3
4122,4122,1,1,4,4
4123,4123,19,19,7,7
4124,4124,37,37,9,9
4125,4125,37,19,9,5
4126,4126,38,19,5,5
4127,4127,38,19,9,5
4128,4128,38,38,5,2
4129,4129,38,38,9,9
4130,4130,37,37,7,9
4131,4131,37,37,9,5
4132,4132,19,1,1,1
4133,4133,3,38,2,9
4134,4134,37,37,7,7
4135,4135,34,38,4,7
4136,4136,38,38,9,7
4137,4137,1,38,5,5
4138,4138,37,37,9,9
4139,4139,37,37,5,0
4140,4140,38,19,7,7
4141,4141,34,34,99,99
4142,4142,3,5,2,2
4143,4143,34,34,0,99
4144,4144,19,38,9,8
4145,4145,38,38,7,8
4146,4146,19,1,1,3
4147,4147,37,38,9,10
4148,4148,37,37,9,9
4149,4149,37,37,9,9
4150,4150,38,37,9,8
4151,4151,34,26,0,6
4152,4152,37,37,5,5
4153,4153,10,19,90,90
4154,4154,19,4,9,2
4155,4155,37,19,6,7
4156,4156,3,19,2,3
4157,4157,37,37,9,9
4158,4158,3,1,2,9
4159,4159,3,37,4,7
4160,4160,19,19,5,9
4161,4161,37,37,7,7
4162,4162,19,37,9,9
4163,4163,19,22,90,90
4164,4164,19,38,9,9
4165,4165,37,38,7,7
4166,4166,19,19,9,9
4167,4167,38,38,5,5
4168,4168,19,38,4,7
4169,4169,34,38,0,5
4170,4170,37,37,0,5
4171,4171,19,37,7,7
4172,4172,38,38,4,7
4173,4173,19,37,5,9
4174,4174,37,37,7,7
4175,4175,37,37,5,6
4176,4176,38,19,9,5
4177,4177,19,1,7,9
4178,4178,37,37,9,9
4179,4179,19,38,7,9
4180,4180,3,19,4,7
4181,4181,38,37,5,7
4182,4182,37,37,9,9
4183,4183,44,40,2,2
4184,4184,38,38,9,10
4185,4185,38,38,0,7
4186,4186,19,37,9,9
4187,4187,37,37,9,7
4188,4188,37,38,3,7
4189,4189,37,1,7,0
4190,4190,38,37,1,1
4191,4191,37,37,9,9
4192,4192,1,39,3,9
4193,4193,37,37,5,6
4194,4194,1,4,4,4
4195,4195,38,38,9,9
4196,4196,37,37,9,7
4197,4197,19,37,5,5
4198,4198,1,1,4,2
4199,4199,1,38,5,8
4200,4200,38,38,5,5
4201,4201,37,37,191,154
4202,4202,37,37,5,6
4203,4203,1,1,7,3
4204,4204,19,38,9,9
4205,4205,34,38,0,7
4206,4206,1,37,4,9
4207,4207,19,19,9,9
4208,4208,38,37,7,8
4209,4209,1,38,4,9
4210,4210,37,37,9,9
4211,4211,19,1,3,7
4212,4212,19,37,5,4
4213,4213,1,1,4,8
4214,4214,19,37,9,9
4215,4215,38,37,5,6
4216,4216,19,37,5,6
4217,4217,1,37,3,3
4218,4218,1,2,9,3
4219,4219,1,19,5,7
4220,4220,37,37,9,9
4221,4221,34,38,0,4
4222,4222,37,37,9,9
4223,4223,19,1,9,9
4224,4224,19,38,5,5
4225,4225,38,19,5,8
4226,4226,38,19,5,0
4227,4227,19,1,5,5
4228,4228,38,1,7,4
4229,4229,37,37,5,4
4230,4230,36,36,99,5
4231,4231,3,3,2,2
4232,4232,38,19,9,5
4233,4233,1,38,4,4
4234,4234,38,38,9,5
4235,4235,38,38,9,5
4236,4236,1,1,9,9
4237,4237,38,19,9,9
4238,4238,19,37,7,7
4239,4239,38,19,4,90
4240,4240,3,2,3,2
4241,4241,1,1,9,4
4242,4242,37,37,9,9
4243,4243,19,38,3,3
4244,4244,4,39,2,2
4245,4245,3,3,2,5
4246,4246,19,37,9,6
4247,4247,38,19,3,3
4248,4248,37,37,4,7
4249,4249,1,1,4,6
4250,4250,37,37,9,9
4251,4251,37,37,5,7
4252,4252,9,22,4,3
4253,4253,19,19,9,9
4254,4254,19,37,9,4
4255,4255,37,37,5,9
4256,4256,2,3,2,2
4257,4257,1,19,4,8
4258,4258,1,19,5,5
4259,4259,19,19,7,7
4260,4260,37,19,9,10
4261,4261,37,37,9,9
4262,4262,37,37,9,9
4263,4263,1,37,3,7
4264,4264,37,1,9,4
4265,4265,37,19,9,9
4266,4266,1,19,9,5
4267,4267,1,1,9,9
4268,4268,1,1,5,5
4269,4269,5,1,4,4
4270,4270,3,1,2,4
4271,4271,37,38,9,7
4272,4272,1,3,1,4
4273,4273,1,19,9,9
4274,4274,3,19,2,9
4275,4275,37,19,9,9
4276,4276,37,1,9,2
4277,4277,1,19,4,7
4278,4278,19,37,90,5
4279,4279,1,1,4,7
4280,4280,19,1,9,9
4281,4281,19,37,9,7
4282,4282,3,1,4,9
4283,4283,37,37,5,9
4284,4284,38,19,7,9
4285,4285,37,19,9,8
4286,4286,3,2,2,2
4287,4287,37,19,9,9
4288,4288,1,1,4,4
4289,4289,1,3,9,2
4290,4290,19,1,7,3
4291,4291,1,12,4,4
4292,4292,1,38,4,5
4293,4293,1,1,4,6
4294,4294,19,19,9,9
4295,4295,38,37,7,7
4296,4296,38,19,9,6
4297,4297,1,38,5,5
4298,4298,38,37,9,6
4299,4299,19,19,9,9
4300,4300,38,38,9,8
4301,4301,1,37,6,6
4302,4302,38,37,9,7
4303,4303,37,37,9,9
4304,4304,1,1,4,5
4305,4305,19,1,7,5
4306,4306,19,3,9,9
4307,4307,19,1,4,4
4308,4308,34,34,0,0
4309,4309,1,1,1,7
4310,4310,1,19,9,9
4311,4311,38,37,9,4
4312,4312,2,1,3,5
4313,4313,19,19,3,9
4314,4314,2,39,2,5
4315,4315,37,37,9,6
4316,4316,1,3,4,1
4317,4317,43,3,123,123
4318,4318,1,19,4,8
4319,4319,1,1,9,7
4320,4320,19,38,9,9
4321,4321,1,1,9,7
4322,4322,19,19,7,8
4323,4323,1,1,3,5
4324,4324,37,37,9,6
4325,4325,19,19,7,9
4326,4326,19,38,3,7
4327,4327,19,37,9,8
4328,4328,37,37,9,9
4329,4329,38,31,4,1
4330,4330,37,1,9,5
4331,4331,1,37,8,9
4332,4332,37,19,5,9
4333,4333,37,1,9,9
4334,4334,19,38,9,8
4335,4335,38,19,9,10
4336,4336,1,1,4,6
4337,4337,37,37,9,7
4338,4338,1,19,4,9
4339,4339,37,37,9,6
4340,4340,3,37,2,6
4341,4341,2,3,2,2
4342,4342,19,37,5,9
4343,4343,34,34,0,0
4344,4344,1,1,5,10
4345,4345,38,37,9,9
4346,4346,1,19,5,10
4347,4347,12,19,5,5
4348,4348,1,1,4,4
4349,4349,3,1,2,9
4350,4350,38,19,9,6
4351,4351,3,1,4,3
4352,4352,1,1,4,8
4353,4353,38,38,9,7
4354,4354,3,1,4,4
4355,4355,37,38,9,9
4356,4356,4,19,2,5
4357,4357,37,37,4,8
4358,4358,19,37,7,8
4359,4359,37,37,9,9
4360,4360,1,19,4,5
4361,4361,19,37,4,8
4362,4362,3,3,2,3
4363,4363,1,38,9,90
4364,4364,34,34,0,0
4365,4365,37,37,9,9
4366,4366,38,38,4,9
4367,4367,3,19,3,9
4368,4368,19,19,1,1
4369,4369,37,37,9,9
4370,4370,2,2,3,3
4371,4371,1,3,5,2
4372,4372,38,19,3,3
4373,4373,12,12,9,9
4374,4374,37,37,7,9
4375,4375,37,37,4,9
4376,4376,37,37,9,9
4377,4377,38,1,9,10
4378,4378,37,37,9,9
4379,4379,37,37,9,9
4380,4380,37,37,7,7
4381,4381,38,37,7,8
4382,4382,1,19,4,8
4383,4383,1,1,9,9
4384,4384,37,37,9,9
4385,4385,37,34,9,7
4386,4386,19,19,193,194
4387,4387,37,38,8,7
4388,4388,37,37,9,9
4389,4389,37,37,9,9
4390,4390,19,19,9,7
4391,4391,38,38,9,9
4392,4392,37,37,9,5
4393,4393,37,1,4,10
4394,4394,38,38,5,7
4395,4395,38,1,9,10
4396,4396,34,34,99,99
4397,4397,19,37,9,10
4398,4398,3,38,3,8
4399,4399,38,38,7,9
4400,4400,37,19,9,9
4401,4401,37,37,6,3
4402,4402,19,37,90,90
4403,4403,1,19,3,9
4404,4404,1,1,4,10
4405,4405,2,1,8,8
4406,4406,37,37,7,7
4407,4407,1,38,5,7
4408,4408,1,19,4,4
4409,4409,37,37,9,9
4410,4410,37,37,4,1
4411,4411,37,19,9,4
4412,4412,37,37,9,3
4413,4413,19,19,7,8
4414,4414,37,1,9,10
4415,4415,3,38,3,5
4416,4416,37,37,6,6
4417,4417,38,38,9,5
4418,4418,1,1,9,9
4419,4419,3,38,3,9
4420,4420,1,1,5,4
4421,4421,1,1,9,9
4422,4422,37,37,9,9
4423,4423,37,37,7,4
4424,4424,38,37,5,9
